fold,epoch,train_loss,train_acc,train_auc,train_f1,val_loss,val_acc,val_auc,val_f1,duration_seconds
1,1,2.044231623945161,0.7525773195876289,0.7775233871708411,0.7230622819075817,0.8502881230134395,0.8549222797927462,0.958005249343832,0.8480656770130455,384.44
1,2,0.7665266098638349,0.8402061855670103,0.9117519713449754,0.8230962567369258,0.6913730679260386,0.8756476683937824,0.9734550226676211,0.8709030100334448,268.21
1,3,0.5674803292865166,0.865979381443299,0.9387210202448272,0.8507339015151515,0.4443340036877924,0.8601036269430051,0.977332378907182,0.8292874692874693,268.16
1,4,0.5472012669676757,0.9003436426116839,0.9410958185181783,0.8892766705590616,0.31134148707362297,0.9222797927461139,0.9714865187306132,0.914563966356795,269.02
1,5,0.6846632731654759,0.8676975945017182,0.9168886206489366,0.8524666260637686,0.3569425246480317,0.9222797927461139,0.9664757814364113,0.9156787929979903,269.05
1,6,0.49848323607603645,0.872852233676976,0.9435821404673498,0.8583885732323233,0.7404710566418697,0.9222797927461139,0.969935576234789,0.9161962657403386,272.8
1,7,0.5760282477176926,0.8865979381443299,0.9457076505241613,0.8733865119651922,0.6880665466239437,0.8860103626943006,0.9526962538773562,0.8751176470588236,275.14
1,8,0.6964560390997802,0.8745704467353952,0.9464423947413306,0.8614660740895321,2.0168090458183827,0.8549222797927462,0.9565736101169171,0.8220026350461134,274.18
1,9,0.49616117594133385,0.9106529209621993,0.9663198499022527,0.9007308080874346,0.9156465058857947,0.9222797927461139,0.9516821760916249,0.9139647537816874,273.99
1,10,1.4003404875393517,0.845360824742268,0.9068318091764305,0.8316664952694364,0.41681227012800837,0.8911917098445596,0.9506084466714388,0.8747101919688398,269.86
1,11,0.3809135867543387,0.8865979381443299,0.9579096527021531,0.8727489564698867,1.034187655415609,0.8134715025906736,0.957170126461465,0.7601491300745651,268.29
1,12,0.29304063194272734,0.9123711340206185,0.9716992272065287,0.9029882698234755,0.3943749131118669,0.9015544041450777,0.9620615604867573,0.8885173137141642,271.07
1,13,0.24144961000741244,0.9278350515463918,0.977262290565097,0.919625946969697,0.5235480048232872,0.9067357512953368,0.9586614173228347,0.8963851109520401,268.0
1,14,0.20286229851037374,0.9432989690721649,0.9839405906818689,0.9369259012344868,0.5555521799329105,0.9119170984455959,0.9585421140539251,0.9031724952043677,268.1
1,15,0.25489903187215784,0.9261168384879725,0.9808966503535956,0.9176112327369097,0.6483973212758295,0.9015544041450777,0.9553209257933668,0.8885173137141642,268.45
1,16,0.20593319728134246,0.9381443298969072,0.9834944959785875,0.9309380974355593,0.465024183180589,0.917098445595855,0.9637914578859461,0.9091764705882353,269.33
1,17,0.22942640274563392,0.9226804123711341,0.9827466313289686,0.9137791970502542,0.6353040061510669,0.9067357512953368,0.9581245526127415,0.8930682098005418,267.84
1,18,0.14608367603418992,0.9604810996563574,0.9895167744728866,0.9560392644967635,0.6557868602554784,0.9067357512953368,0.9594368885707468,0.9003099173553719,267.87
1,19,0.19257393652886529,0.9467353951890034,0.9864859545770628,0.9410320855789753,0.9707634801343108,0.8652849740932642,0.9430326890956813,0.8567922374429224,267.85
1,20,0.22283782968648802,0.9467353951890034,0.9839602713305431,0.9407485738869421,0.9427070251059289,0.8341968911917098,0.9626580768313051,0.7919137466307278,267.55
1,21,0.09891393526248118,0.9570446735395189,0.995342246480444,0.952099553916808,0.816783453975048,0.8963730569948186,0.9559770937723694,0.8821733821733821,268.17
1,22,0.12412561276089525,0.9673539518900344,0.9929084062610704,0.9636846098016743,1.444295930872209,0.8756476683937824,0.9352183249821044,0.8608173076923077,269.87
1,23,0.07360236951716066,0.9742268041237113,0.9968510962121311,0.9712597323500848,1.696708643104145,0.8808290155440415,0.9506084466714387,0.8722553166997611,267.58
1,24,0.1771092550682327,0.9570446735395189,0.987778317173334,0.9523318099169492,1.6984769696432038,0.9119170984455959,0.956871868289191,0.9010345971706935,268.88
1,25,0.09498185508288835,0.9673539518900344,0.9948567904798141,0.9637721755368813,0.63205571684541,0.8808290155440415,0.9611667859699355,0.8689980817470857,267.74
1,26,0.09621045978657773,0.9707903780068728,0.9959457863731189,0.9675072824541295,0.6487098720527765,0.8860103626943006,0.9565139584824623,0.8724158653846155,269.49
1,27,0.14458534183949437,0.9656357388316151,0.9911830693939672,0.9616322763530885,0.7394618048476693,0.8756476683937824,0.9518014793605345,0.8628287135749823,267.85
1,28,0.1579714273954411,0.9621993127147767,0.9904024036632247,0.9577955039883974,0.5882388024141975,0.8756476683937824,0.958780720591744,0.8670798898071626,267.54
1,29,0.09655058488726602,0.9673539518900344,0.9949748743718593,0.9637721755368813,0.8569149225841346,0.8911917098445596,0.9559174421379146,0.8757701149425288,267.71
1,30,0.0925560469897995,0.9759450171821306,0.9963525197790519,0.9732736791004631,0.6913420202141114,0.8652849740932642,0.9549033643521833,0.8524117647058824,267.7
1,31,0.053129835863708695,0.9759450171821306,0.9983730663762679,0.9733376963350785,0.9464555395528904,0.8704663212435233,0.9521593891672632,0.8585583208747398,268.81
1,32,0.09493147221485655,0.979381443298969,0.9963131584817035,0.9770917249432541,0.6437038805880897,0.8963730569948186,0.9609878310665713,0.8840144230769231,268.82
1,33,0.10062116491109492,0.9725085910652921,0.9954209690751408,0.9693813131313131,0.6058797919680483,0.8860103626943006,0.9675495108565975,0.8800564971751412,268.54
1,34,0.10937803491840814,0.9725085910652921,0.9922983061521709,0.9695287958115183,0.6036665622237875,0.8963730569948186,0.9612264376043904,0.8821733821733821,268.36
1,35,0.07684727853761661,0.979381443298969,0.9966674101578389,0.9770917249432541,0.4783345194673905,0.8808290155440415,0.967668814125507,0.8639386973180077,267.79
1,36,0.09603341614216225,0.9656357388316151,0.9955128121022868,0.9618195415720903,0.7609401892771673,0.8756476683937824,0.952755905511811,0.8628287135749823,268.38
1,37,0.07200994628357145,0.9810996563573883,0.9973759135101093,0.9790759013344751,0.6490672217906741,0.9015544041450777,0.959675495108566,0.8893916086025397,268.07
1,38,0.024346942984869033,0.9914089347079038,0.9995539052967186,0.9904663619833898,1.560826638448558,0.8808290155440415,0.9442853734192318,0.8661056314662323,268.61
1,39,0.7275356005937279,0.9175257731958762,0.9727226209375861,0.9088024444705606,0.8570610479871482,0.8860103626943006,0.9489978525411596,0.8733595800524935,267.77
1,40,0.708207158728398,0.8883161512027491,0.9466916829578702,0.8721419518377693,0.5236637734669157,0.8860103626943006,0.953591028394178,0.8703907203907204,267.95
1,41,0.4413314825606192,0.9329896907216495,0.96878649120275,0.9250898505955386,0.6450099168021971,0.8704663212435233,0.9464328322596038,0.8555605448286185,267.69
1,42,0.12331053900834411,0.9501718213058419,0.9916422845296982,0.9442975812120672,0.49485805702893904,0.8911917098445596,0.9618229539489381,0.880389552899513,268.5
1,43,0.14285333169916337,0.9621993127147767,0.9910256242045739,0.9580014957292993,0.5776853970452199,0.9067357512953368,0.9622405153901217,0.8963851109520401,267.92
1,44,0.09178019977017396,0.9742268041237113,0.9958539433459727,0.9712597323500848,0.7286533611868814,0.8860103626943006,0.9529945120496301,0.8724158653846155,268.14
1,45,0.11352794105373362,0.9621993127147767,0.9941614075599932,0.9578993055555556,0.6696029164720622,0.8963730569948186,0.9645072774994036,0.8864705882352941,268.9
1,46,0.07695974373564211,0.9759450171821306,0.9962606767519058,0.9732736791004631,0.7203072609660202,0.9119170984455959,0.9679074206633262,0.9050224345057172,267.64
1,47,0.09409950873823852,0.9673539518900344,0.9964050015088497,0.9636846098016743,0.9009087708968706,0.8808290155440415,0.9563946552135529,0.867115701242329,267.79
1,48,0.22073426257631404,0.9553264604810997,0.9839668315467679,0.9503654040437173,0.5840489585437791,0.9015544041450777,0.9581245526127415,0.89022601406975,267.83
1,49,0.08420152872853628,0.9742268041237113,0.9947124657228702,0.9713990859501695,0.6523598649063284,0.8911917098445596,0.9634335480792173,0.877748620034386,268.41
1,50,0.048710401614149336,0.9810996563573883,0.9984911502683128,0.9790259963634577,0.6644942714125319,0.8808290155440415,0.9639704127893105,0.8639386973180077,267.58
1,51,0.028490147290820767,0.9879725085910653,0.9994358214046735,0.9865878750967063,0.6832171556645397,0.9067357512953368,0.9649844905750418,0.8978235294117647,267.54
1,52,0.060772954193693426,0.979381443298969,0.9980581759974808,0.9770359848484849,0.7963988258762188,0.8963730569948186,0.9591386303984728,0.8856905946458185,267.98
1,53,0.03292010527750862,0.9845360824742269,0.9992521353503812,0.9827558394100508,1.1476212946307458,0.8756476683937824,0.9496540205201622,0.864656381486676,268.08
1,54,0.043189432200514306,0.9759450171821306,0.9987666793497514,0.9733376963350785,0.838106333062109,0.9015544041450777,0.9633738964447627,0.8893916086025397,268.38
1,55,0.04444706487146412,0.9810996563573883,0.9990553288636393,0.9789753004114956,1.0568654442162364,0.8963730569948186,0.9575280362681938,0.8856905946458185,268.12
1,56,0.052250785042816834,0.9845360824742269,0.9986879567550546,0.9827979730639509,0.8620680101272492,0.8963730569948186,0.9639704127893105,0.8856905946458185,268.34
1,57,0.11006449833524685,0.979381443298969,0.9964902843197712,0.9770917249432541,1.2130027816665339,0.8756476683937824,0.9564543068480077,0.8586080586080587,268.03
1,58,0.07408470863400525,0.9810996563573883,0.9980975372948293,0.9790259963634577,1.142593714074207,0.8860103626943006,0.9574087329992841,0.8742596541104004,267.26
1,59,0.05649817845591024,0.9862542955326461,0.9989241245391448,0.9847643979057592,2.663183594576439,0.8497409326424871,0.9304461942257218,0.8336651906445957,268.31
1,60,5.3670607076593155,0.8694158075601375,0.9245443929831927,0.8598567898105316,2.4550040288750425,0.7927461139896373,0.8755070388928657,0.7848383500557414,268.01
1,61,15.361435799841043,0.8092783505154639,0.8231890523111641,0.7816577946768061,9.16496705554689,0.7823834196891192,0.8075638272488667,0.7615882352941177,268.54
1,62,2.6556209088264513,0.8539518900343642,0.8996746132752537,0.8303701544739143,3.1188772964275895,0.7512953367875648,0.867692674779289,0.6672413793103449,267.72
1,63,2.3233342464867004,0.8161512027491409,0.9189485285435008,0.7698695136417556,1.4695727258993605,0.8601036269430051,0.9203054163684085,0.8359928240959305,268.31
1,64,1.8269840534771187,0.8917525773195876,0.9247215188212603,0.8757265890056704,3.151222538659194,0.8497409326424871,0.8931042710570269,0.8269807412903026,268.13
1,65,3.212722040463094,0.8436426116838488,0.8874922917459358,0.8310314794077391,1.663558634444063,0.8497409326424871,0.8784299689811501,0.8284444444444444,267.91
1,66,6.791165344151982,0.8178694158075601,0.8630226852277051,0.7805523541213131,11.75029631316314,0.8186528497409327,0.8330947267955143,0.7911836532813997,267.76
1,67,3.7183351333272934,0.8419243986254296,0.8782423868690712,0.8161263736263736,1.0708659606061004,0.8341968911917098,0.9232879980911477,0.8098990396454075,268.1
1,68,0.7272132482373049,0.8986254295532646,0.938005956676332,0.8861000082925615,1.414474062472477,0.8601036269430051,0.9185755189692197,0.8451365568070373,268.14
1,69,3.2583901567962634,0.7989690721649485,0.8608709343059948,0.765809267341443,1.9558173382711979,0.8186528497409327,0.8737771414936769,0.7873981053095396,268.13
1,70,1.5055774844163552,0.8797250859106529,0.9060970649592611,0.8613248008714004,1.4669083418837354,0.8704663212435233,0.8848723455022667,0.8481415037925282,268.02
1,71,1.3596090113461667,0.8608247422680413,0.9179972971909153,0.8388302182229683,1.2282183800434308,0.8497409326424871,0.9065258888093534,0.8298422156689873,268.64
1,72,2.830710074910178,0.865979381443299,0.8973850978128238,0.8503658777770453,1.9983062720755234,0.844559585492228,0.8858267716535433,0.8260216346153846,267.37
1,73,2.886813945915373,0.859106529209622,0.8793838644921735,0.8419002186444047,3.5908407816726213,0.844559585492228,0.8565974707706991,0.8297058823529412,267.84
1,74,1.2745904006633602,0.8831615120274914,0.9393114397050526,0.8708034629999608,1.4416330004945663,0.8756476683937824,0.919350990217132,0.8586080586080587,268.21
1,75,0.7318259091870521,0.915807560137457,0.9459897398218244,0.9058821199790101,0.8040838271661931,0.8756476683937824,0.9274636125029826,0.8586080586080587,267.37
1,76,2.138056401632339,0.8762886597938144,0.8958828082973614,0.8632036667058409,4.1863756428206305,0.8134715025906736,0.8144834168456215,0.7994689448164396,268.01
1,77,2.050938755037987,0.8917525773195876,0.9153732107010246,0.8801619803701755,1.0232611070724253,0.8704663212435233,0.9364113576712002,0.8611470833693056,267.18
1,78,1.2858902084687853,0.9037800687285223,0.9351916239159243,0.8930947164018526,2.081448523024721,0.8497409326424871,0.9059890240992603,0.8298422156689873,267.53
1,79,1.3982792386437826,0.9106529209621993,0.94069564532847,0.9009685863874346,2.0922406175173807,0.8549222797927462,0.8975781436411358,0.8410588235294117,268.21
1,80,1.4609028897406207,0.9140893470790378,0.9433656533319338,0.9040806908827212,0.6877763019962995,0.8808290155440415,0.9553209257933668,0.8707074825969184,268.53
2,1,1.7612251199627922,0.7405498281786942,0.7927168479473083,0.7113882147396214,0.6871671038593262,0.8601036269430051,0.9649248389405871,0.825444678926741,268.66
2,2,0.7605153257565773,0.852233676975945,0.9187058005431858,0.8358240287599878,0.6362052136742511,0.8911917098445596,0.9642090193271295,0.8699502647200386,267.81
2,3,0.6292404802488578,0.8676975945017182,0.9362346982956558,0.8528271028804693,0.6747996787467104,0.8652849740932642,0.9594965402052016,0.8582485875706214,267.94
2,4,0.6341826031875304,0.8780068728522337,0.9347389689964181,0.8636251126226473,0.782405616145384,0.8963730569948186,0.9553805774278216,0.8904156257097433,268.46
2,5,0.9373901873256061,0.8814432989690721,0.9350801002401039,0.8687488356435256,0.6453371018018359,0.9015544041450777,0.9379623001670245,0.89022601406975,268.58
2,6,0.7478804763371817,0.8831615120274914,0.9305010693152446,0.8698705808080809,0.3653384847555952,0.917098445595855,0.9606895728942974,0.9097709209911173,268.51
2,7,0.2997059239897318,0.929553264604811,0.9673366834170855,0.9212483044722329,0.6046579180963968,0.8911917098445596,0.9476258649486995,0.8786708576560395,269.21
2,8,0.48184060244074517,0.9037800687285223,0.9550756392930712,0.8925703737886479,1.684400580391065,0.7512953367875648,0.9212001908852302,0.74886141834743,268.98
2,9,1.3753051993203886,0.8608247422680413,0.9055328863639346,0.8459225461902256,1.4262591223382397,0.8911917098445596,0.9141016463851109,0.8767822941051288,268.95
2,10,1.9001481753492089,0.845360824742268,0.8758413477308213,0.8269139261922386,1.0461087098526285,0.844559585492228,0.9310427105702697,0.8092885375494071,268.83
2,11,0.3905143378516082,0.9072164948453608,0.9589264862169857,0.8969127622446436,0.5276337186444514,0.8704663212435233,0.968503937007874,0.8419328419328419,268.38
2,12,0.4713086610311261,0.9020618556701031,0.9473739454452419,0.8913165266106442,0.7781514962696754,0.917098445595855,0.9266284896206156,0.9064922480620154,268.39
2,13,0.2965137024918624,0.9243986254295533,0.9715221013684611,0.9160029914585985,0.7623102856972547,0.9015544041450777,0.9186351706036745,0.8856385467020116,268.44
2,14,2.457904298354622,0.859106529209622,0.8926551819147959,0.8449250685625902,2.6516520350257076,0.8134715025906736,0.8253400143163923,0.7956470588235294,268.91
2,15,0.9978224878354719,0.872852233676976,0.9208509912486715,0.8603719265483971,1.1878727064877683,0.8704663212435233,0.9172035313767597,0.8585583208747398,268.49
2,16,0.44728590470702395,0.9243986254295533,0.9655523046039598,0.9164022407646806,0.7926065011314277,0.8652849740932642,0.9428537341923169,0.8397828863346104,269.1
2,17,0.9859406892824013,0.8883161512027491,0.9257645932009919,0.8748358109203522,3.3479491069754155,0.8082901554404145,0.9078382247673586,0.8035434262290572,268.99
2,18,1.7485430280821235,0.8797250859106529,0.9287429313670179,0.8663683955023158,1.4827712419085974,0.8549222797927462,0.9161298019565737,0.8257223942208463,268.21
2,19,0.42498502384922715,0.9398625429553265,0.9701116548801448,0.9332645338837289,1.150079587409425,0.8238341968911918,0.9049152946790742,0.7789083557951482,268.39
2,20,0.40089119523943806,0.9089347079037801,0.9631512654657097,0.8976830582967079,0.4290775707055506,0.8911917098445596,0.9481030780243378,0.8795506552943624,269.31
2,21,0.20986472204463696,0.9278350515463918,0.9799650996496845,0.9194277803414859,0.481082736079733,0.9015544041450777,0.9410641851586733,0.8910220214568041,268.62
2,22,0.36066788908848724,0.929553264604811,0.9658737551989713,0.9220101777012253,1.6804517094545013,0.7616580310880829,0.9263898830827965,0.6667417417417417,268.47
2,23,1.2175855263098607,0.8900343642611683,0.9326396998045057,0.8778225330306887,1.020003588337275,0.8134715025906736,0.9049152946790743,0.8046558704453441,268.68
2,24,0.5814340374013889,0.8865979381443299,0.9371793694320165,0.8748957790515893,1.4951541474332348,0.844559585492228,0.8737771414936769,0.8318815331010453,268.04
2,25,0.37921861919361083,0.9243986254295533,0.9617014576800452,0.9160029914585985,0.5674212881190502,0.8860103626943006,0.9483416845621571,0.8781565656565656,269.15
2,26,0.7396867559418122,0.9329896907216495,0.9559284674022855,0.9258145592767753,0.35111742277710295,0.917098445595855,0.9609878310665714,0.9103368176538909,268.93
2,27,0.4604867328771391,0.9243986254295533,0.952267866748888,0.9153801416939833,1.5057708683815894,0.844559585492228,0.8602958721068958,0.8132739938080495,268.03
2,28,0.6122769655051168,0.9020618556701031,0.9485416639332431,0.8918296742890868,0.5878113159788012,0.8911917098445596,0.9513242662848962,0.8712229530073397,268.06
2,29,0.18620106659347216,0.9432989690721649,0.9830877625726544,0.937077989090373,0.6911331706743026,0.8549222797927462,0.9294917680744453,0.8388212837031734,268.42
2,30,0.16916148097707287,0.9484536082474226,0.9876667934975136,0.9427293123581353,0.6843824538187079,0.8704663212435233,0.9302075876879028,0.8544626428980786,269.09
2,31,0.14542624001825372,0.9536082474226804,0.9893855701483921,0.9485183547103051,0.7897330593074517,0.8341968911917098,0.923765211166786,0.812984496124031,268.26
2,32,0.22548953975263894,0.9432989690721649,0.9819987666793498,0.9369259012344868,0.8733987371202089,0.8704663212435233,0.9393939393939394,0.856607922969479,268.62
2,33,0.5691224117819944,0.9243986254295533,0.9683272760670191,0.9157986111111112,2.038237020438082,0.8238341968911918,0.8489620615604868,0.8028245192307693,268.78
2,34,0.39136566720204935,0.9175257731958762,0.9675859716336249,0.9083668997730165,0.7806165833204564,0.8549222797927462,0.9239441660701503,0.8388212837031734,268.42
2,35,0.25803266530427366,0.9450171821305842,0.9755041526168702,0.9390575916230366,0.8167658907557023,0.8652849740932642,0.9404676688141256,0.8589181286549707,268.45
2,36,0.5257056814351082,0.9192439862542955,0.969101381581537,0.909947161363599,0.7284560273451675,0.8601036269430051,0.9320567883560009,0.8482218273963824,268.31
2,37,0.3618887578794844,0.9278350515463918,0.9688848944461209,0.9200130890052356,0.7594953116510501,0.8497409326424871,0.919350990217132,0.8348236682898038,268.04
2,38,0.1782429770589368,0.9639175257731959,0.9871157353346365,0.9598619371492189,0.785964701693966,0.8652849740932642,0.9275829157718922,0.84921875,269.08
2,39,0.09254685228038156,0.9639175257731959,0.9953422464804441,0.9597636252901187,1.055480319818023,0.8911917098445596,0.9261512765449773,0.8767822941051288,268.51
2,40,0.7896645615038901,0.9192439862542955,0.9451369117126102,0.9108069244138084,0.672342250899788,0.8549222797927462,0.9157718921498449,0.8399668325041458,268.68
2,41,0.43563193655980365,0.929553264604811,0.9568468976737474,0.9216352106246655,0.859600721385233,0.8549222797927462,0.9194106418515867,0.8274584929757343,268.4
2,42,0.19786624392309418,0.9518900343642611,0.9849115026831283,0.946285186894324,1.7176343732411172,0.8290155440414508,0.9056907659269864,0.7841382816471785,268.51
2,43,0.3303366086564229,0.9381443298969072,0.9747103664536783,0.9309380974355593,1.819377325852703,0.8290155440414508,0.9016941064185159,0.819641491801886,268.63
2,44,0.36506352371060735,0.936426116838488,0.9718435519634727,0.92978417453853,0.9955408996012532,0.8549222797927462,0.9020520162252446,0.8399668325041458,268.18
2,45,0.4974459631398338,0.9329896907216495,0.9623377986538437,0.9256376234704408,0.8668172497348287,0.844559585492228,0.9247792889525173,0.820230998509687,268.35
2,46,0.4297874184656189,0.9312714776632303,0.9682485534723224,0.9236390831441804,1.2337425392855126,0.8393782383419689,0.8909568122166548,0.827822383377939,268.89
2,47,0.13219613608015815,0.9587628865979382,0.9900284713384153,0.9541834498865083,1.5118290686873237,0.7927461139896373,0.869064662371749,0.7662306201550387,268.49
2,48,0.23632656867316146,0.9536082474226804,0.9815198708949446,0.9486408487300753,1.4484082209353322,0.8290155440414508,0.8909568122166548,0.7976360690115337,268.91
2,49,0.1356691840147713,0.9604810996563574,0.9919834157733839,0.9560392644967635,0.874720821060371,0.8497409326424871,0.9254951085659747,0.8269807412903026,268.85
2,50,0.10443300282680451,0.9570446735395189,0.9942663710195887,0.952099553916808,1.1967942716056872,0.8497409326424871,0.9098663803388214,0.8398340248962656,268.38
2,51,0.15397733422269952,0.9707903780068728,0.9889394754451107,0.9676627566078251,1.2287867407233828,0.8290155440414508,0.9172035313767597,0.803116015951034,268.18
2,52,0.47888139432891563,0.9347079037800687,0.9698164451500321,0.9271013250708682,1.0331067798916258,0.8549222797927462,0.9179193509902172,0.8376201923076922,268.95
2,53,1.0745666907040519,0.9278350515463918,0.9484695015547713,0.9205713765808389,1.7806438991966929,0.8186528497409327,0.8749701741827725,0.7946371568418813,268.58
2,54,0.44913088306126997,0.9329896907216495,0.9586509571355472,0.9256376234704408,0.9169030089182133,0.8341968911917098,0.8997852541159628,0.8144230769230769,268.52
2,55,0.3363280109199003,0.9381443298969072,0.9741002663447786,0.9314397905759162,0.7127563344883949,0.8756476683937824,0.9130279169649249,0.8618468146027201,268.43
2,56,0.31066393486746563,0.9484536082474226,0.9794009210543579,0.9425899621212122,1.0409370165723197,0.8290155440414508,0.910761154855643,0.7976360690115337,268.13
2,57,0.24647213923977196,0.9536082474226804,0.9836650616004304,0.9483939191918529,1.3049221966420448,0.8393782383419689,0.8973991887377714,0.8208950755874869,268.87
2,58,0.10731859643144831,0.9690721649484536,0.9943910151278587,0.9657198952879581,1.0206364605621998,0.844559585492228,0.9188141255070388,0.8217803496675695,268.58
2,59,0.17012414064172685,0.9759450171821306,0.9883424957686605,0.973208648989899,1.1256493421029579,0.8497409326424871,0.9173228346456692,0.8324502320011974,268.77
2,60,0.3003692181672344,0.9501718213058419,0.9799388587847856,0.9447048995036611,0.8990674707691314,0.8652849740932642,0.928477690288714,0.84921875,268.89
2,61,0.3396012740584482,0.9570446735395189,0.9809556922996181,0.9524452303056252,0.9375511778509082,0.844559585492228,0.9059890240992603,0.8285358919687278,268.52
2,62,0.24492244245927577,0.9621993127147767,0.9834748153299133,0.9580014957292993,1.0775835350568634,0.8497409326424871,0.9157718921498449,0.8324502320011974,268.72
2,63,0.23617066603211467,0.9518900343642611,0.983815946573599,0.9469254820218864,1.166214546164386,0.8497409326424871,0.9158911954187544,0.8298422156689873,268.27
2,64,0.08295238565782356,0.9828178694158075,0.9957883411837254,0.9808633207070707,1.1716003553920828,0.8652849740932642,0.9216177523264137,0.8503340491529467,268.55
2,65,0.279285559642255,0.9518900343642611,0.9840258734927902,0.9466753926701571,1.955940947099012,0.8134715025906736,0.8696015270818421,0.7842771982116244,268.33
2,66,0.4447882637945492,0.9415807560137457,0.9695343558523689,0.9355523710265763,3.1869213512278614,0.8341968911917098,0.8861250298258173,0.8144230769230769,268.9
2,67,0.5059515274699824,0.9725085910652921,0.9689176955272446,0.9695287958115183,1.1564920852681766,0.844559585492228,0.899188737771415,0.8318815331010453,268.77
2,68,0.6180198834939906,0.9415807560137457,0.9543605757245759,0.9352486910994764,0.7980273863873815,0.8756476683937824,0.9179790026246718,0.863764705882353,268.41
2,69,0.14963669499019577,0.9690721649484536,0.9898579057165724,0.9658009166764603,0.8119837344384802,0.8704663212435233,0.9290742066332618,0.856607922969479,268.66
2,70,0.1260936939480835,0.9742268041237113,0.9879816838763006,0.9712597323500848,1.0059728972760358,0.8497409326424871,0.914399904557385,0.8379794470979882,268.38
2,71,0.4141440733887055,0.9587628865979382,0.9709120012595616,0.9544012222352802,1.1153603535916705,0.8238341968911918,0.8946552135528513,0.794423558897243,268.32
2,72,0.08968694604579493,0.9725085910652921,0.9950339163178819,0.9694556332576723,1.1985936277546894,0.8601036269430051,0.9101646385110953,0.8451365568070373,268.57
2,73,0.05761672954652928,0.9845360824742269,0.9975399189157275,0.9827979730639509,1.0929431453500615,0.8497409326424871,0.9118348842758291,0.8269807412903026,268.6
2,74,0.07424844776449781,0.9845360824742269,0.9945419001010274,0.9827558394100508,1.2268583003219922,0.8860103626943006,0.9349797184442854,0.8733595800524935,268.09
2,75,0.09945397036421982,0.9776632302405498,0.9955259325347363,0.9752125411568136,1.0861979960349724,0.8652849740932642,0.9221546170365067,0.8524117647058824,268.08
2,76,0.23019710670677485,0.9707903780068728,0.9918259705839906,0.9676627566078251,1.0350613700970752,0.8652849740932642,0.9327726079694584,0.8533777466105656,269.28
2,77,0.3078515919698157,0.9518900343642611,0.9824842226799795,0.946285186894324,2.5828089353629338,0.772020725388601,0.8545693151992365,0.7068489367578017,267.9
2,78,0.5273591813561426,0.9450171821305842,0.9653161368198696,0.9390575916230366,1.0898163888483217,0.8341968911917098,0.901097590073968,0.812984496124031,268.3
2,79,0.2589511831833907,0.9639175257731959,0.981008174029416,0.9598619371492189,1.3656205551398262,0.8393782383419689,0.8923287998091148,0.8257361721958466,268.91
2,80,0.3069049694781551,0.9845360824742269,0.9922851857197214,0.9827979730639509,1.0987169126845324,0.8601036269430051,0.9008589835361489,0.8482218273963824,268.94
3,1,1.65793420061954,0.7439862542955327,0.7938320847055118,0.7158975871050175,0.4889588092813958,0.8756476683937824,0.9578859460749225,0.8586080586080587,268.25
3,2,0.7246210790005636,0.8539518900343642,0.9185286747051182,0.8367342897595074,1.3104072629070955,0.766839378238342,0.9382605583392984,0.7643083937148905,268.87
3,3,1.1474240075220905,0.8470790378006873,0.8955941587834735,0.8303012433043393,0.9806951269016417,0.8290155440414508,0.9709496540205201,0.8253393665158371,268.72
3,4,0.5673335749359267,0.8831615120274914,0.9383274072713437,0.8698705808080809,0.3740795533375338,0.9119170984455959,0.9688618468146026,0.9010345971706935,268.54
3,5,0.4648525663804547,0.9140893470790378,0.95234002912736,0.9043166035353536,0.7242831323613705,0.9015544041450777,0.9477451682176091,0.8925043238648023,269.38
3,6,0.4431352514788329,0.8934707903780069,0.9580670978915465,0.8813525883838385,0.9349756133036894,0.8652849740932642,0.9757814364113577,0.8347167325428195,268.95
3,7,0.45366147303750776,0.9123711340206185,0.9552330844824646,0.9022830899902883,0.5452195539008027,0.9326424870466321,0.9655810069195896,0.925436119944129,268.84
3,8,0.44427625030536294,0.8969072164948454,0.9605337391920438,0.8848968290592656,0.47123936789465926,0.9119170984455959,0.9692794082557862,0.9024933876192458,268.9
3,9,0.5077032966390598,0.9037800687285223,0.9564729653489379,0.8933507853403142,0.789984622435435,0.917098445595855,0.9457766642806013,0.9057387057387057,268.34
3,10,4.771097393079047,0.8436426116838488,0.8570004067334058,0.825642376257181,0.6729644853948232,0.8704663212435233,0.9424958243855882,0.8419328419328419,268.7
3,11,0.7308550195897141,0.8745704467353952,0.923625962711731,0.8601306974370793,0.5558476758356541,0.8652849740932642,0.9609878310665713,0.838170794633643,269.1
3,12,0.35247504350413067,0.9037800687285223,0.9596415497854809,0.8933507853403142,0.44318454512973054,0.8963730569948186,0.9688618468146027,0.8821733821733821,268.97
3,13,0.27519115654022425,0.9209621993127148,0.969048899851739,0.9121849456158075,0.5890037255078536,0.8911917098445596,0.9617036506800286,0.8712229530073397,269.04
3,14,0.2194418102937004,0.9209621993127148,0.9787186585669864,0.9123952879581152,0.5576570973337172,0.8963730569948186,0.9689811500835123,0.8767560664112388,269.17
3,15,0.2539800300583483,0.929553264604811,0.9731949565057664,0.9220101777012253,0.3751719674282215,0.927461139896373,0.972083035075161,0.9175213675213675,279.53
3,16,0.4388856425513966,0.9243986254295533,0.9647191571434195,0.9160029914585985,0.5233252018758788,0.9222797927461139,0.9678477690288715,0.913336326897171,268.36
3,17,0.40535008447117,0.9089347079037801,0.968596244932233,0.8984510543036328,0.708025563565269,0.9119170984455959,0.9315795752803628,0.9017811704834606,268.75
3,18,0.4715556892190537,0.9175257731958762,0.9661624047128593,0.9083668997730165,0.47686356478809033,0.9378238341968912,0.9732760677642567,0.9298691860465116,268.85
3,19,0.3448760599284035,0.9278350515463918,0.976566907645276,0.9200130890052356,0.47305553326317296,0.9326424870466321,0.9708303507516105,0.9248914833108816,268.1
3,20,1.8137633062572978,0.8470790378006873,0.8781833449230487,0.8294744119438363,0.8946441798556608,0.8911917098445596,0.9526366022429016,0.8724388631857237,268.54
3,21,0.8159015838785666,0.9020618556701031,0.9424800241415957,0.8913165266106442,0.49457166268928665,0.927461139896373,0.9685635886423288,0.919983416252073,268.81
3,22,0.26071538548781675,0.9450171821305842,0.9809884933807418,0.9387626262626263,0.5822553774741804,0.9067357512953368,0.9741111906466238,0.8911654135338345,268.49
3,23,0.18008569602938515,0.9501718213058419,0.9871682170644345,0.9445712465393975,0.4699795345376389,0.9222797927461139,0.9704724409448819,0.913336326897171,268.57
3,24,0.36216681989684546,0.9261168384879725,0.9705183882860778,0.9180107130571526,1.0093182239515301,0.8601036269430051,0.9545454545454545,0.831080424000778,268.68
3,25,0.6250131611023289,0.9209621993127148,0.9556660587532966,0.9121849456158075,0.8836503067420952,0.8911917098445596,0.9324146981627297,0.877748620034386,270.8
3,26,0.18284075690532878,0.9450171821305842,0.987732395659761,0.9389112665153443,0.900712351365681,0.8911917098445596,0.9444046766881412,0.8747101919688398,268.53
3,27,0.5005496820656403,0.9261168384879725,0.9595693874070089,0.9171990749165406,1.1409484966894716,0.8756476683937824,0.9260319732760678,0.8618468146027201,268.81
3,28,4.327729590396295,0.872852233676976,0.909147565503759,0.8597316310578427,0.8354979376752661,0.8704663212435233,0.9123120973514672,0.8544626428980786,268.81
3,29,0.4094507792066433,0.915807560137457,0.9600614036238635,0.9054050916328054,0.5059031468733133,0.8963730569948186,0.9553805774278215,0.8864705882352941,268.96
3,30,0.27504547615298636,0.9278350515463918,0.9761470538068935,0.919625946969697,0.5387506885725167,0.9015544041450777,0.960212359818659,0.8938486032710957,268.75
3,31,11.316618703060895,0.859106529209622,0.8865541808258002,0.8389269899557188,3.1585622031590286,0.8756476683937824,0.8989501312335957,0.8506191950464397,270.45
3,32,0.6129462119502053,0.9140893470790378,0.9585328732435021,0.9033505154639175,0.29169130929818693,0.9119170984455959,0.9760200429491769,0.9010345971706935,275.49
3,33,0.18104864069145665,0.9312714776632303,0.9827466313289687,0.9232645527061771,0.2896659396632525,0.9222797927461139,0.9756621331424481,0.913336326897171,274.85
3,34,0.14499930362127908,0.9484536082474226,0.9872206987942322,0.9427293123581353,0.3181369640066675,0.9222797927461139,0.9739918873777142,0.9119873529322349,275.38
3,35,0.1138046286918973,0.9587628865979382,0.9911961898264167,0.9541834498865083,0.33833937572862094,0.927461139896373,0.9717251252684322,0.9181807170542635,274.58
3,36,0.12773132912371707,0.9467353951890034,0.9903564821496516,0.9406034468568418,0.34345895193498077,0.9326424870466321,0.9686232402767836,0.9248914833108816,274.92
3,37,0.1110177770048552,0.9604810996563574,0.9921539813952268,0.9561452651235933,0.4787105977553881,0.8808290155440415,0.9670722977809592,0.860290183489126,274.73
3,38,0.12340441186565682,0.9518900343642611,0.9907894564204837,0.9466753926701571,0.32441030876588217,0.9222797927461139,0.9753042233357194,0.9161962657403386,274.58
3,39,0.10484138644716069,0.9467353951890034,0.9930724116666885,0.9406034468568418,0.41842414227705976,0.927461139896373,0.9652230971128609,0.9194106418515867,275.28
3,40,0.10642444811556416,0.9742268041237113,0.9926656782607555,0.9713990859501695,0.48990129489445366,0.9222797927461139,0.9643283225960391,0.9112643678160919,274.78
3,41,0.08964046212951836,0.9621993127147767,0.9952766443181967,0.9578993055555556,0.4489532051722125,0.9222797927461139,0.96271772846576,0.914563966356795,275.22
3,42,0.07720007876933259,0.9690721649484536,0.9960769906976134,0.9656375874148813,0.5136227707200064,0.9326424870466321,0.9676091624910522,0.923095785440613,274.85
3,43,0.10695083827301546,0.9656357388316151,0.9939777215057009,0.9617266414141414,0.5355369211984651,0.927461139896373,0.959675495108566,0.9181807170542635,290.67
3,44,0.06814709466609642,0.9725085910652921,0.9964181219412991,0.9692291424341757,0.7137214418190064,0.917098445595855,0.9581842042471964,0.9049495198227038,276.53
3,45,0.14923077366784673,0.9432989690721649,0.9904745660416967,0.9369259012344868,0.5073540654331483,0.9430051813471503,0.9707110474827011,0.9354573921503055,275.13
3,46,0.09156266700530007,0.9570446735395189,0.9952110421559495,0.9523318099169492,0.5173129484509343,0.917098445595855,0.9651037938439513,0.9072115384615385,275.08
3,47,0.06503955753424998,0.9776632302405498,0.9974415156723566,0.9752715197589251,0.5270865227435465,0.9222797927461139,0.9701145311381533,0.913336326897171,274.48
3,48,0.10100186037398358,0.9621993127147767,0.995053596966556,0.9578993055555556,0.5273887550765333,0.9430051813471503,0.967668814125507,0.9364466397245921,274.83
3,49,0.10572748807331413,0.9690721649484536,0.9951191991288033,0.9655539772727273,0.6318768672832042,0.8704663212435233,0.9562753519446433,0.8603271095672311,275.08
3,50,0.09468275416348759,0.9621993127147767,0.9947255861553197,0.9580014957292993,0.7656992527270539,0.917098445595855,0.953591028394178,0.9057387057387057,274.78
3,51,0.05553981374904734,0.9725085910652921,0.9982025007544248,0.9695287958115183,0.7006573513267336,0.9015544041450777,0.957468384633739,0.89022601406975,276.01
3,52,0.08686217561121887,0.9639175257731959,0.9964574832386476,0.9598619371492189,0.5679895802675391,0.917098445595855,0.9701741827726079,0.9091764705882353,273.89
3,53,0.2526217590126088,0.936426116838488,0.9826023065720246,0.92978417453853,0.6126332827050941,0.8963730569948186,0.9453591028394178,0.8856905946458185,274.21
3,54,0.09416124299008174,0.9639175257731959,0.994791188317567,0.9598619371492189,0.6032588656418679,0.9222797927461139,0.9503101884991648,0.9119873529322349,280.93
3,55,0.059772487638490364,0.9759450171821306,0.9976908038888962,0.9732736791004631,0.6153805478954427,0.9222797927461139,0.9538296349319972,0.9112643678160919,281.95
3,56,0.03378224677780575,0.9845360824742269,0.9993177375126284,0.9827979730639509,0.6964090239423525,0.9222797927461139,0.9621808637556669,0.909714642133167,268.36
3,57,0.04315210336254192,0.9862542955326461,0.9987929202146503,0.9846906565656566,0.846800554572238,0.9067357512953368,0.9442853734192317,0.8930682098005418,268.5
3,58,0.09036831366291696,0.979381443298969,0.9954275292913655,0.9772006111176401,0.7881240286962501,0.9326424870466321,0.9570508231925554,0.923095785440613,268.34
3,59,0.28028810430233175,0.9467353951890034,0.9828319141398901,0.9407485738869421,0.44942057357498644,0.917098445595855,0.958005249343832,0.9064922480620154,268.29
3,60,0.13990195052930623,0.9725085910652921,0.9920555781518559,0.9694556332576723,0.6654568229795613,0.917098445595855,0.9489382009067049,0.9078978764018134,268.68
3,61,0.23419585248485988,0.9570446735395189,0.986964850361468,0.9522165918443082,0.4721035972963677,0.9326424870466321,0.9572894297303747,0.9243205743070009,269.08
3,62,0.03958082409027117,0.9862542955326461,0.9990815697285382,0.9847643979057592,0.5344970684530806,0.9119170984455959,0.9576473395371033,0.8985749173081085,268.64
3,63,0.03692891193193822,0.9845360824742269,0.999252135350381,0.9828394515701018,0.5409973908278198,0.927461139896373,0.9537103316630876,0.9175213675213675,268.18
3,64,0.035887814414049785,0.9845360824742269,0.9992521353503812,0.9827979730639509,0.5228431660075327,0.9378238341968912,0.9562157003101885,0.9298691860465116,268.84
3,65,0.03839994585890795,0.9845360824742269,0.9990815697285382,0.9827979730639509,0.6501552318189481,0.9222797927461139,0.9599141016463851,0.9112643678160919,268.89
3,66,0.03727407408598581,0.9845360824742269,0.9990553288636393,0.9827979730639509,0.6010586159615489,0.9326424870466321,0.9699355762347888,0.923095785440613,268.92
3,67,0.016040357460371652,0.9948453608247423,0.999855675243056,0.9942798171900339,0.7291273885060136,0.9222797927461139,0.9575876879026486,0.9119873529322349,269.48
3,68,0.07316781757996361,0.9759450171821306,0.9970610231313224,0.973208648989899,0.7264703096277075,0.927461139896373,0.9584228107850156,0.9175213675213675,268.73
3,69,0.0619055184773052,0.9742268041237113,0.9978482490782896,0.9713299551065849,0.6976967004395642,0.9326424870466321,0.9573490813648293,0.9237223725412702,270.02
3,70,0.008646875556281325,0.9965635738831615,0.9999868795675505,0.996181954157209,0.8064261842252398,0.927461139896373,0.9547244094488189,0.9175213675213675,268.35
3,71,0.0070919017708558265,1.0,1.0,1.0,0.8450618561287716,0.927461139896373,0.951085659747077,0.9181807170542635,268.46
3,72,0.03097262945369064,0.9948453608247423,0.9985042707007623,0.994265991021317,0.707865229603969,0.9222797927461139,0.9579455977093773,0.913336326897171,268.76
3,73,0.06620675897836255,0.9759450171821306,0.9979007308080875,0.9734007129705802,1.0221592355595024,0.8756476683937824,0.9633738964447627,0.8490615224191866,268.36
3,74,0.11619576798382071,0.9673539518900344,0.9938333967487568,0.9637721755368813,0.5232279059486048,0.917098445595855,0.9630756382724887,0.9072115384615385,268.65
3,75,0.06382816206743175,0.9742268041237113,0.9976252017266489,0.9713990859501695,0.795642968336333,0.9067357512953368,0.959675495108566,0.8901467240070833,268.76
3,76,0.033834139535044855,0.9879725085910653,0.9991865331881339,0.9866529067767458,0.6035059888373878,0.917098445595855,0.9643879742304939,0.9064922480620154,267.76
3,77,0.0914637441518021,0.9776632302405498,0.9939908419381501,0.9752715197589251,0.7778951961175457,0.917098445595855,0.946432832259604,0.9064922480620154,268.56
3,78,0.07322778716256381,0.979381443298969,0.9967067714551872,0.9770359848484849,0.7000209290898529,0.927461139896373,0.9522190408017179,0.9188100961538461,268.69
3,79,0.03679505854600902,0.9810996563573883,0.9990815697285382,0.9789753004114956,0.6937607737138614,0.9326424870466321,0.9547840610832736,0.9248914833108816,268.66
3,80,0.02209850742903951,0.9914089347079038,0.9996851096212132,0.9904433183688617,0.6671059900138305,0.927461139896373,0.9586614173228347,0.9194106418515867,267.82
4,1,1.8544532271415548,0.7663230240549828,0.8355288190298753,0.7397411616161615,0.580998327230801,0.917098445595855,0.9356955380577427,0.9097709209911173,268.49
4,2,0.7401151741539239,0.8608247422680413,0.9293595916921421,0.8455550641309155,0.577712834349015,0.9067357512953368,0.9556191839656407,0.8921385991058122,269.39
4,3,0.5610213367801421,0.8848797250859106,0.9450122676043401,0.8716268044970453,0.5258855450755687,0.9222797927461139,0.9430326890956813,0.913336326897171,268.64
4,4,0.6141161628374439,0.8883161512027491,0.9405513205715259,0.8757631387952013,0.45215279885287507,0.927461139896373,0.9581245526127415,0.9205294117647058,269.37
4,5,0.5267559558984415,0.8969072164948454,0.9508180589632235,0.8848968290592656,0.4191961259861599,0.917098445595855,0.966595084705321,0.911386593204775,268.42
4,6,0.4530414070382989,0.9089347079037801,0.9538816799401708,0.8986991747099333,0.4712675462371139,0.8860103626943006,0.9485802910999762,0.8681693989071038,269.16
4,7,0.3781859157781601,0.9243986254295533,0.963289030006429,0.9155910079767948,0.5689493519615185,0.8963730569948186,0.9619422572178479,0.8898401826484018,268.44
4,8,0.4560499264788264,0.915807560137457,0.9569912224306913,0.9063445200148441,0.8439536522126845,0.9067357512953368,0.9552016225244572,0.8930682098005418,268.92
4,9,0.8642111928519349,0.8865979381443299,0.9290971830431531,0.8733865119651922,0.5872565711831383,0.8963730569948186,0.9477451682176091,0.8864705882352941,269.27
4,10,0.5796199681950195,0.8969072164948454,0.9483973391762992,0.8854586247162707,1.179372004584731,0.8497409326424871,0.9569315199236459,0.843681050132663,268.08
4,11,0.5376208060731823,0.915807560137457,0.959930199299369,0.9063445200148441,1.3263421595725557,0.8704663212435233,0.9193509902171318,0.8521072796934865,268.67
4,12,0.3209405697091347,0.929553264604811,0.9779773541335922,0.9218241682637967,0.7381687136397487,0.8963730569948186,0.9435695538057743,0.8840144230769231,268.85
4,13,0.27389898760129405,0.9278350515463918,0.9816904365167876,0.919625946969697,0.7282351715561232,0.8911917098445596,0.9525172989739918,0.8826747720364742,281.99
4,14,0.21489374806648273,0.9518900343642611,0.9852723145754884,0.9465473582009263,0.7379114536852058,0.8911917098445596,0.9556788356000955,0.8767822941051288,274.41
4,15,0.25396785401692756,0.9450171821305842,0.9846753348990382,0.9387626262626263,0.9564587142461892,0.8031088082901554,0.951920782629444,0.7991785323110625,268.89
4,16,0.3682764038672405,0.9192439862542955,0.972460212288597,0.9105970329745754,0.6666632542348351,0.9119170984455959,0.9489382009067048,0.9017811704834606,268.57
4,17,1.582565499679211,0.8969072164948454,0.9196832727606703,0.884020618556701,1.7916436178550852,0.8601036269430051,0.9136840849439274,0.831080424000778,268.73
4,18,1.05597726027173,0.9175257731958762,0.94490074392852,0.9081439393939394,0.6824951175953273,0.9015544041450777,0.9504294917680743,0.8893916086025397,268.4
4,19,1.390755365268561,0.9261168384879725,0.9642599420076887,0.9178125379722102,0.7825411402310208,0.8963730569948186,0.9147578143641136,0.8811868997783797,268.72
4,20,0.19275147093664055,0.9518900343642611,0.9843998058175998,0.946285186894324,0.5065127653449201,0.917098445595855,0.9528155571462658,0.9078978764018134,268.93
4,21,0.10202222423668093,0.9707903780068728,0.9941876484248922,0.9675072824541295,0.4406385727270624,0.927461139896373,0.9626580768313051,0.9181807170542635,268.98
4,22,0.08527903114256859,0.9707903780068728,0.9956702572916803,0.9675856307435254,0.8238050642887849,0.8704663212435233,0.9614650441422095,0.8435929851859055,268.67
4,23,0.0853153194985303,0.9707903780068728,0.9954078486426914,0.9674276966634294,0.6087985605119095,0.8860103626943006,0.9538296349319971,0.8657348848975461,268.69
4,24,0.07138370090241657,0.9690721649484536,0.9971003844286708,0.9655539772727273,0.6405630496167735,0.8756476683937824,0.9562157003101885,0.8678082191780823,268.81
4,25,0.0770796099168019,0.9673539518900344,0.9962344358870068,0.9635053118285957,1.047997459134472,0.8238341968911918,0.9475662133142448,0.8178436597823673,268.45
4,26,0.2598381695693151,0.9604810996563574,0.9855740845218258,0.9562496118811752,4.964467379106627,0.7979274611398963,0.9602720114531138,0.7314950237220419,268.47
4,27,2.2901762765851355,0.9106529209621993,0.9384520513796135,0.9007308080874346,0.9083673107159107,0.8704663212435233,0.9358148413266523,0.8508454666295713,268.79
4,28,0.23916416657083234,0.9381443298969072,0.9829959195455082,0.9314397905759162,0.6495390148549892,0.9015544041450777,0.9602720114531138,0.89022601406975,268.17
4,29,0.2735407698870392,0.9656357388316151,0.9833698518703178,0.9617266414141414,0.8292594727577286,0.8704663212435233,0.938439513242663,0.8481415037925282,268.16
4,30,0.4801942136317325,0.9329896907216495,0.9812640224621805,0.9254578832771208,1.6312060086967755,0.8704663212435233,0.9276425674063469,0.8466939916754044,268.64
4,31,0.35929712516728685,0.9570446735395189,0.9752876654814543,0.9523318099169492,1.4801865082504022,0.8601036269430051,0.9349200668098306,0.8327931974971924,268.24
4,32,0.3395498433073715,0.9415807560137457,0.9824317409501817,0.9347748698002505,0.5920074704156065,0.9067357512953368,0.9608088761632069,0.8963851109520401,269.39
4,33,0.41649878595527734,0.9450171821305842,0.9771048453757035,0.9384582848683515,1.1121046718441965,0.844559585492228,0.9493557623478883,0.8372132253711202,268.14
4,34,0.1729683260584189,0.9518900343642611,0.9921802222601257,0.9466753926701571,0.7534452570287511,0.8652849740932642,0.9479837747554283,0.8575403134226665,268.69
4,35,0.149196437996562,0.9725085910652921,0.9895036540404372,0.9694556332576723,0.6630711082451306,0.8808290155440415,0.9516821760916249,0.8715009408018526,268.69
4,36,0.25589711698261897,0.9656357388316151,0.986144823333377,0.9617266414141414,0.48423759858548754,0.9067357512953368,0.9668336912431401,0.8978235294117647,268.56
4,37,0.13902492848356982,0.9639175257731959,0.9935972289646666,0.9600539934567252,0.6093688005432242,0.8911917098445596,0.9647458840372226,0.8747101919688398,269.11
4,38,0.4510530550624388,0.9518900343642611,0.9705511893672015,0.9466753926701571,1.2335109693632984,0.8497409326424871,0.9161894535910284,0.8406910881507415,269.29
4,39,1.6971877529656632,0.9243986254295533,0.9418830444651457,0.9157986111111112,0.7538745450481494,0.8704663212435233,0.9396921975662132,0.856607922969479,268.53
4,40,0.4058599401387358,0.9484536082474226,0.9745069997507116,0.9425899621212122,0.8975704045958385,0.8652849740932642,0.9458363159150561,0.8413230457880092,268.59
4,41,0.7739990908122073,0.9347079037800687,0.9603172520566277,0.9267342476644802,1.2312060608961606,0.8601036269430051,0.9136840849439274,0.8359928240959305,269.17
4,42,0.6261504803273652,0.9347079037800687,0.9642074602778908,0.927970297029703,0.5755766349119324,0.8756476683937824,0.9330708661417323,0.8586080586080587,268.87
4,43,0.6990407549355939,0.915807560137457,0.9462587086870384,0.9067926513990254,1.0493993798863364,0.9067357512953368,0.9337866857551897,0.8963851109520401,268.4
4,44,0.8553229021882072,0.9347079037800687,0.9552002834013409,0.927630890052356,0.6674437365726451,0.8963730569948186,0.9394535910283942,0.8872136512388966,268.98
4,45,0.5362360024602835,0.9381443298969072,0.9743626749937678,0.9314397905759162,1.0854207962640934,0.8756476683937824,0.8913743736578381,0.863764705882353,269.24
4,46,0.2429100354970023,0.9432989690721649,0.9782988047286039,0.9373750745884186,0.466631009488118,0.917098445595855,0.9495347172512527,0.9078978764018134,268.88
4,47,0.1298365058966394,0.9690721649484536,0.991235551123765,0.9657198952879581,0.7700960470552383,0.9015544041450777,0.9489382009067049,0.8866425546384742,268.57
4,48,1.1237342805971389,0.8969072164948454,0.931019326396998,0.8834134615384616,1.4944962820329197,0.7823834196891192,0.9207229778095919,0.778039430449069,268.68
4,49,1.1630274586109635,0.8780068728522337,0.9136216329690227,0.8670613026203613,1.0963852752923795,0.8601036269430051,0.8886900501073729,0.8451365568070373,268.99
4,50,0.35303232569498827,0.9398625429553265,0.9667134628757365,0.9327729428421501,0.7960294801558985,0.8756476683937824,0.9170842281078502,0.8586080586080587,268.48
4,51,0.13929484800986622,0.9587628865979382,0.9878242386869072,0.9544012222352802,0.6137933997169275,0.8808290155440415,0.9410045335242185,0.8639386973180077,268.49
4,52,0.26824275205932596,0.9690721649484536,0.9896348583649317,0.9655539772727273,0.5166160690607465,0.8808290155440415,0.9566929133858267,0.8639386973180077,269.4
4,53,0.8279901294334718,0.9398625429553265,0.966457614442972,0.9332645338837289,1.159597172587853,0.8497409326424871,0.9201861130994989,0.8398340248962656,268.81
4,54,0.29450364318209105,0.9484536082474226,0.9806276814883819,0.9425899621212122,0.6677894398610099,0.8808290155440415,0.9272250059651634,0.8615624512708561,269.43
4,55,0.07894716227460892,0.9776632302405498,0.9936365902620149,0.9750917680367401,0.5465278538405562,0.8860103626943006,0.9541875447387258,0.8781565656565656,268.71
4,56,0.07353631846862527,0.9656357388316151,0.9969954209690751,0.9619109947643979,0.6086047367210768,0.8911917098445596,0.9574087329992842,0.877748620034386,269.11
4,57,0.689696517438887,0.9329896907216495,0.970295340934437,0.9245158780042502,0.4500415417450287,0.8860103626943006,0.94750656167979,0.8724158653846155,269.06
4,58,0.3545409386867389,0.9553264604810997,0.9685109621213116,0.9504842931937173,0.6175490600945611,0.8860103626943006,0.9363517060367453,0.8724158653846155,268.22
4,59,0.1108582791654993,0.9707903780068728,0.9946337431281735,0.9673468579519015,0.8076467386468147,0.8652849740932642,0.9281197804819852,0.8524117647058824,269.21
4,60,0.2366644590858364,0.9725085910652921,0.9837503444113518,0.9694556332576723,0.5508369166025778,0.8704663212435233,0.9498926270579814,0.8555605448286185,269.3
4,61,0.24362488514565084,0.9639175257731959,0.9793878006219086,0.9601477747380847,0.7238775829381979,0.8911917098445596,0.9510856597470772,0.8795506552943624,268.77
4,62,0.16207489681096957,0.9742268041237113,0.9907960166367084,0.9713990859501695,1.544350423644042,0.8497409326424871,0.8873777141493676,0.8298422156689873,269.29
4,63,0.6649273742381877,0.9450171821305842,0.9548525919414304,0.9386116421649416,0.6977573770002332,0.8601036269430051,0.9253161536626103,0.8451365568070373,268.93
4,64,0.0734929345425805,0.9862542955326461,0.9943188527493867,0.984727816628836,0.5169869699306127,0.9119170984455959,0.9550226676210928,0.8994329501915709,269.3
4,65,0.14836840635902893,0.9828178694158075,0.9883031344713122,0.9808633207070707,0.9941478585729789,0.8652849740932642,0.9222142686709617,0.8542973286875726,269.13
4,66,1.055549679596151,0.9312714776632303,0.9407087657609194,0.9232645527061771,1.0197128125245722,0.8963730569948186,0.9154139823431161,0.8811868997783797,269.04
4,67,0.3621681491489251,0.9501718213058419,0.9725979768293164,0.9442975812120672,0.3256587314220288,0.8808290155440415,0.9730374612264376,0.8736515526712778,268.37
4,68,0.12387982647285999,0.9690721649484536,0.9890969206345042,0.9655539772727273,0.4894613515566491,0.8808290155440415,0.9427344309234073,0.8698736552047606,268.31
4,69,0.14143487830681692,0.9759450171821306,0.9927706417203512,0.9732736791004631,0.49725856721122,0.9067357512953368,0.9491171558100692,0.8971215351812367,268.6
4,70,0.1336894042237447,0.9725085910652921,0.9903302412847527,0.9695287958115183,0.6626864865435877,0.8860103626943006,0.9557384872345502,0.8724158653846155,269.25
4,71,0.17628382091447922,0.9639175257731959,0.9890116378235826,0.9600539934567252,0.7976072791939267,0.8808290155440415,0.933965640658554,0.8650472744960933,268.97
4,72,0.27975086994124343,0.9604810996563574,0.9809622525158428,0.9560392644967635,0.5422996918409569,0.8808290155440415,0.9552612741589119,0.8639386973180077,268.85
4,73,0.08780325720785502,0.9776632302405498,0.9957621003188265,0.9751526277590403,0.7415906618011331,0.8601036269430051,0.9399904557384873,0.846215139442231,268.98
4,74,0.46285407436064685,0.9501718213058419,0.9735557683981264,0.9447048995036611,0.6923857898333435,0.8652849740932642,0.9294917680744453,0.8542973286875726,269.29
4,75,0.096423473851132,0.9776632302405498,0.9919046931786871,0.9751526277590403,0.5666692108445988,0.8756476683937824,0.9415413982343117,0.8628287135749823,268.96
4,76,0.2642384118535362,0.9536082474226804,0.9797879738116168,0.948139127335373,0.6600920159906003,0.8808290155440415,0.9525769506084466,0.8680792891319207,268.92
4,77,1.139903568449639,0.9450171821305842,0.9520776204783711,0.9389112665153443,0.7871665135993673,0.8290155440414508,0.9355762347888332,0.8235391904247361,269.72
4,78,0.20775558284259432,0.9707903780068728,0.9851017489536454,0.9678133996974576,0.7361702529321168,0.8808290155440415,0.9243617275113338,0.8650472744960933,269.38
4,79,0.30831749404814573,0.9673539518900344,0.9747038062374537,0.9636846098016743,0.6887221823024154,0.8704663212435233,0.9288952517298974,0.8521072796934865,269.77
4,80,0.05547363299062551,0.9879725085910653,0.9973759135101093,0.9866206457164063,0.5420266853063113,0.8911917098445596,0.9525172989739918,0.880389552899513,268.9
5,1,2.031184312396187,0.7353951890034365,0.7692050329978877,0.7052951388888888,1.2047960455342988,0.7461139896373057,0.9735146743020758,0.6239611912998528,267.86
5,2,0.7439286788104925,0.8350515463917526,0.9008816930606033,0.8162878787878788,0.26037975591836615,0.9481865284974094,0.9763779527559054,0.9424361727511333,268.38
5,3,0.5633926154547473,0.8780068728522337,0.9323444900743928,0.8639627331237346,0.48483784044090245,0.927461139896373,0.9804939155332856,0.9228881278538812,267.56
5,4,0.6883692607529103,0.8780068728522337,0.923337313197843,0.8642951208378352,0.7334911439824758,0.7823834196891192,0.9825817227392031,0.7802537410540014,267.82
5,5,0.490840376192491,0.8797250859106529,0.9376517050001968,0.8657129672358099,1.1828234203071275,0.7616580310880829,0.9855643044619423,0.655891472868217,267.92
5,6,0.4854708045667641,0.8745704467353952,0.9364839865121956,0.8594309876490109,0.3530245753009022,0.9119170984455959,0.9784061083273682,0.8976765944175893,268.39
5,7,0.5914173112198792,0.8969072164948454,0.941751840140651,0.8857329842931937,0.4359098129299891,0.9119170984455959,0.9615843474111191,0.906612017191814,268.47
5,8,0.4104076275500663,0.8900343642611683,0.951283834315179,0.8778225330306887,0.5705338998206309,0.9015544041450777,0.9549630159866379,0.8925043238648023,268.09
5,9,0.5686926101460248,0.8848797250859106,0.951355996693651,0.8725532172190755,0.6929216771816973,0.9067357512953368,0.9680863755666904,0.8921385991058122,267.92
5,10,0.5032480218234903,0.9054982817869416,0.96194418568036,0.8956251243140312,1.928616351211393,0.8238341968911918,0.9402290622763064,0.7705594405594406,267.85
5,11,0.5143779338370573,0.9123711340206185,0.952077620478371,0.9025218473623887,0.38828676921737526,0.917098445595855,0.9794798377475543,0.9049495198227038,268.36
5,12,0.33747145424709457,0.9123711340206185,0.9725914166130916,0.9027568922305764,0.38229429843249035,0.9222797927461139,0.9748270102600811,0.9126775857388472,268.29
5,13,0.28943186070878146,0.9192439862542955,0.9734770458034296,0.9103838026438645,0.5260942868670611,0.917098445595855,0.9702338344070628,0.9057387057387057,268.16
5,14,0.38807453130045455,0.9123711340206185,0.9646797958460711,0.9022830899902883,0.33872599409340937,0.9481865284974094,0.9823431162013839,0.9432352941176471,268.41
5,15,0.3852501735809331,0.9140893470790378,0.968091108282929,0.9045488539302255,0.6815396498117066,0.8756476683937824,0.9702934860415175,0.869770580296896,268.17
5,16,0.9040985144971426,0.8797250859106529,0.93589356705197,0.8663683955023158,0.43792783811450736,0.9326424870466321,0.9700548795036984,0.9237223725412702,267.98
5,17,0.26221456724969716,0.936426116838488,0.9790729102431216,0.9291073397968758,0.4316687060233313,0.9326424870466321,0.9769744691004534,0.9273700969749602,268.29
5,18,0.4878446102746949,0.915807560137457,0.9642599420076886,0.9067926513990254,0.3541023428969194,0.9378238341968912,0.9785850632307325,0.9287121398670278,267.73
5,19,0.18574877089110278,0.9467353951890034,0.9845834918718921,0.9407485738869421,0.3430986765344738,0.9481865284974094,0.9708303507516106,0.9428452973229093,267.88
5,20,0.16682789118080707,0.9518900343642611,0.9862891480903211,0.946417297979798,0.32787001149159306,0.9585492227979274,0.9810307802433788,0.9536057692307692,268.4
5,21,0.2935215536672137,0.9329896907216495,0.9810803364078879,0.9254578832771208,0.8579493143912961,0.9067357512953368,0.9505487950369841,0.8978235294117647,268.27
5,22,0.5607017102446848,0.8883161512027491,0.9450253880367896,0.8751497509925644,1.3060280688866066,0.8860103626943006,0.940885230255309,0.8742596541104004,268.24
5,23,0.49097088901938246,0.9140893470790378,0.9557382211317685,0.9043166035353536,0.6172600294726857,0.8963730569948186,0.9601527081842042,0.8821733821733821,267.28
5,24,0.5859618278144881,0.9123711340206185,0.96542766049569,0.9032160243639198,0.396464669446866,0.927461139896373,0.9742304939155333,0.9194106418515867,268.12
5,25,0.16459637892295667,0.9484536082474226,0.988139129065694,0.9425899621212122,0.4115512931219411,0.9430051813471503,0.9801360057265569,0.9377656611848855,269.0
5,26,0.27160037908155943,0.936426116838488,0.9763701011585342,0.929280555929576,0.34836713297333094,0.9481865284974094,0.9809114769744691,0.9424361727511333,268.55
5,27,0.1610618034083648,0.9432989690721649,0.9889001141477624,0.937077989090373,0.41596413856667136,0.9430051813471503,0.9788833214030065,0.9377656611848855,268.12
5,28,0.2726801298832413,0.9329896907216495,0.9765406667803771,0.9258145592767753,0.498859597360738,0.927461139896373,0.9800763540921021,0.9161077993045206,268.77
5,29,0.16826180854783884,0.9518900343642611,0.9899235078788197,0.946285186894324,0.4850426571994913,0.9326424870466321,0.977093772369363,0.9264503268548647,267.73
5,30,0.16975122198390946,0.9484536082474226,0.9892150045265492,0.9428664921465969,0.3898667671068047,0.9326424870466321,0.9826413743736577,0.9273700969749602,268.15
5,31,0.1294676504176866,0.9673539518900344,0.9929936890719918,0.9637721755368813,0.8392973841959859,0.9222797927461139,0.9655213552851347,0.9139647537816874,268.14
5,32,0.9289153941415411,0.9106529209621993,0.9349948174291826,0.8999947129110711,1.4733228153362226,0.8860103626943006,0.9168456215700311,0.8742596541104004,268.3
5,33,0.4640859372213122,0.9209621993127148,0.961006074760224,0.9126023426176205,0.3963393429817334,0.9430051813471503,0.977093772369363,0.9377656611848855,268.48
5,34,0.25323969373778404,0.9553264604810997,0.9791713134864924,0.9501219592590151,0.46921531365872116,0.9326424870466321,0.9748270102600811,0.9243205743070009,268.12
5,35,0.11162521480058894,0.9690721649484536,0.9930461708017896,0.9654690487177797,0.4709416959284732,0.927461139896373,0.9699952278692437,0.9194106418515867,268.42
5,36,0.10235402058545295,0.9587628865979382,0.9938333967487568,0.9540719696969697,0.6743924222771113,0.9015544041450777,0.9412431400620377,0.8917810240519404,268.54
5,37,0.03930814376488202,0.9862542955326461,0.9991471718907855,0.984727816628836,1.0600404191049535,0.9015544041450777,0.941422094965402,0.8834874336733073,268.07
5,38,0.16338653391078634,0.9639175257731959,0.9886311452825485,0.9598619371492189,0.8420004754404603,0.9378238341968912,0.9678477690288714,0.93092340730136,268.25
5,39,0.6276047744978084,0.9261168384879725,0.9436215017646982,0.9169881416369516,0.44672883232071486,0.927461139896373,0.9641493676926747,0.9205294117647058,268.04
5,40,0.4017676291945415,0.9398625429553265,0.9771507668892767,0.9335796245634743,0.5167092405859042,0.917098445595855,0.9700548795036984,0.9108750865850843,268.22
5,41,0.11777692792825945,0.9707903780068728,0.9926000760985081,0.9675072824541295,0.3560987531533585,0.9481865284974094,0.9774516821760917,0.9424361727511333,267.79
5,42,0.23795738397754757,0.9398625429553265,0.9821758925174173,0.9332645338837289,0.7718844717488549,0.9119170984455959,0.9517418277260797,0.9010345971706935,268.3
5,43,0.14867233566540344,0.9707903780068728,0.9916554049621475,0.9675072824541295,0.5035128298108958,0.9430051813471503,0.9749463135289907,0.9369074861065707,267.96
5,44,0.06102821720571,0.9828178694158075,0.9975202382670533,0.9808161381765443,0.6910499017419973,0.8911917098445596,0.9716654736339776,0.8846383741781232,267.67
5,45,0.1314709039964308,0.9707903780068728,0.9926656782607555,0.9674276966634294,0.7089666007901058,0.917098445595855,0.9666547363397757,0.9103368176538909,268.07
5,46,0.11825883325758468,0.9673539518900344,0.9944762979387801,0.9636846098016743,0.7302134217160313,0.9222797927461139,0.9673109043187783,0.915134992524844,267.52
5,47,0.1312028613682681,0.9587628865979382,0.9920096566382828,0.9541834498865083,1.0875842866937377,0.9067357512953368,0.9590789787640182,0.901374063138769,267.81
5,48,0.07427345991398511,0.9776632302405498,0.9971987876720416,0.9752125411568136,0.5614594669554253,0.9533678756476685,0.9665950847053209,0.948738379814077,268.47
5,49,0.19681984646565737,0.9742268041237113,0.9946665442092971,0.9715341248129176,1.1216100098319173,0.9119170984455959,0.9191720353137678,0.9038196581948231,267.64
5,50,0.06722607971675064,0.9759450171821306,0.9971791070233675,0.9732736791004631,0.511623477403994,0.9222797927461139,0.9725602481507993,0.914563966356795,268.22
5,51,0.14754940221408272,0.9690721649484536,0.9931511342613852,0.9658009166764603,0.9444866210351681,0.9067357512953368,0.947804819852064,0.898492286115007,280.81
5,52,0.34299342765821506,0.9467353951890034,0.98355353792461,0.9407485738869421,0.42336987210360966,0.9481865284974094,0.9770937723693629,0.9420072115384616,273.27
5,53,0.5245395929495256,0.9381443298969072,0.9693375493656271,0.9317613340281397,1.0260901191266358,0.8601036269430051,0.9581245526127414,0.8544616673648932,267.77
5,54,0.3598120875496487,0.9553264604810997,0.9787120983507617,0.9506013240882203,0.5642541021683443,0.9222797927461139,0.9533524218563587,0.913336326897171,267.82
5,55,0.06466810509413093,0.9828178694158075,0.9968576564283559,0.9808161381765443,0.40591853123598415,0.927461139896373,0.9756024815079933,0.919983416252073,268.41
5,56,0.06351428774955588,0.9828178694158075,0.9954340895075902,0.9809097707860451,0.557641643131455,0.9378238341968912,0.9754235266046289,0.9314143567874911,267.73
5,57,0.4483150807353412,0.9484536082474226,0.9756091160764659,0.9425899621212122,5.334568734073836,0.8134715025906736,0.9107611548556429,0.808531746031746,267.98
5,58,0.47655203151859077,0.9243986254295533,0.951887374207854,0.9155910079767948,0.43180513357383377,0.9222797927461139,0.972083035075161,0.9126775857388472,267.74
5,59,0.6495744676943386,0.9209621993127148,0.9599958014616161,0.9115337844982553,0.379955884429974,0.9481865284974094,0.9794798377475542,0.9439605110336817,267.81
5,60,0.09569544517656808,0.9673539518900344,0.9946993452904207,0.9637721755368813,0.3796963169755674,0.9430051813471503,0.9758410880458125,0.9369074861065707,268.18
5,61,0.09921536893063805,0.9845360824742269,0.9949617539394099,0.9828394515701018,0.43144370868932497,0.927461139896373,0.9727988546886184,0.9194106418515867,268.08
5,62,0.35265006447799757,0.9690721649484536,0.9904352047443483,0.9656375874148813,0.6196205332043708,0.8963730569948186,0.9497733237890719,0.8848723455022668,268.28
5,63,0.1961025071939045,0.9570446735395189,0.9780495165120643,0.9522165918443082,0.6543289648895811,0.927461139896373,0.9532331185874492,0.9194106418515867,268.48
5,64,0.1752152812031536,0.9725085910652921,0.993780915018959,0.9692291424341757,0.38654952335342574,0.9430051813471503,0.9790622763063708,0.9373469086616497,267.95
5,65,0.044368758323468184,0.9862542955326461,0.9987010771875041,0.9846906565656566,0.5193499762697993,0.9378238341968912,0.9726198997852542,0.9323281907433381,267.86
5,66,0.2905451876908679,0.9776632302405498,0.9919440544760355,0.9752125411568136,0.8485376160817918,0.917098445595855,0.963851109520401,0.9108750865850843,268.22
5,67,0.2646106626309172,0.9536082474226804,0.9843670047364761,0.948139127335373,0.5003113911972433,0.9378238341968912,0.9744094488188977,0.932752613240418,267.95
5,68,0.499032163642024,0.9536082474226804,0.9677893383365916,0.9486408487300753,0.6750190005533994,0.8963730569948186,0.9658792650918635,0.8914754835807468,267.74
5,69,0.20048350698944106,0.9759450171821306,0.9910715457181469,0.973523792193613,0.3881176429239358,0.9533678756476685,0.9746480553567167,0.948738379814077,268.39
5,70,0.14316963297693333,0.9862542955326461,0.9971135048611203,0.9846906565656566,0.5682947673204091,0.9326424870466321,0.9659985683607731,0.9264503268548647,267.88
5,71,0.054296788602108216,0.9776632302405498,0.998176259889526,0.9751526277590403,0.551571434748813,0.9378238341968912,0.9695776664280601,0.9323281907433381,268.72
5,72,0.09543026270272548,0.9845360824742269,0.9900678326357636,0.9827130424451243,0.6861344256127478,0.9222797927461139,0.9660582199952278,0.9166882500215834,268.36
5,73,0.027707093204605883,0.993127147766323,0.9993046170801789,0.992363908314418,0.5833106144331831,0.9430051813471503,0.9741111906466237,0.9377656611848855,268.24
5,74,0.030060911548094368,0.9948453608247423,0.9989372449715942,0.994265991021317,0.5923889133944391,0.9481865284974094,0.9726198997852541,0.9432352941176471,268.55
5,75,0.12969916553976363,0.9656357388316151,0.9918522114488894,0.9618195415720903,0.6395913129907286,0.9119170984455959,0.9639704127893105,0.8985749173081085,268.75
5,76,0.28742899593919913,0.9484536082474226,0.9851148693860949,0.9432652689863135,0.5749698132891652,0.9481865284974094,0.9685039370078741,0.9424361727511333,268.28
5,77,0.256398474967913,0.9501718213058419,0.9855675243056011,0.9448364671545252,0.4468717196704081,0.917098445595855,0.9725602481507993,0.9097709209911173,268.24
5,78,0.15503469595909977,0.9828178694158075,0.9921933426925752,0.9809097707860451,0.6479154686974125,0.927461139896373,0.9644476258649487,0.9205294117647058,268.2
5,79,0.051181118188215094,0.9845360824742269,0.9973365522127609,0.9827979730639509,0.44875482953323736,0.9378238341968912,0.9716058219995227,0.9314143567874911,268.81
5,80,0.03108729933506059,0.9845360824742269,0.999422700972224,0.9827979730639509,0.4802768428910455,0.927461139896373,0.9725602481507993,0.9205294117647058,268.08
