slide_id,issue_type,severity,details
2460239-B2,low_16_child_ratio_low,info,ratio=0.0374
2460242-B2,low_16_child_ratio_low,info,ratio=0.0164
2460399-B2,low_16_child_ratio_low,info,ratio=0.0140
2460404-B3,low_16_child_ratio_low,info,ratio=0.0390
2460405-B2,low_16_child_ratio_low,info,ratio=0.0469
2460591-B2,low_16_child_ratio_low,info,ratio=0.0316
2460602-B,low_16_child_ratio_low,info,ratio=0.0159
2460628-B2,low_16_child_ratio_low,info,ratio=0.0158
2460641-B2,low_16_child_ratio_low,info,ratio=0.0165
2460643-B,low_16_child_ratio_low,info,ratio=0.0165
2460753-B2,low_16_child_ratio_low,info,ratio=0.0398
2460770-B2,low_16_child_ratio_low,info,ratio=0.0331
2460949-B3,low_16_child_ratio_low,info,ratio=0.0100
2460960-B,low_16_child_ratio_low,info,ratio=0.0233
2460974-B2,low_16_child_ratio_low,info,ratio=0.0427
2461002-B2,low_16_child_ratio_low,info,ratio=0.0370
2461487-B2,low_16_child_ratio_low,info,ratio=0.0431
2461671-B2,low_16_child_ratio_low,info,ratio=0.0122
2461672-B2,low_16_child_ratio_low,info,ratio=0.0094
2461677-B2,low_16_child_ratio_low,info,ratio=0.0167
2461698-B,low_16_child_ratio_low,info,ratio=0.0209
2461700-B2,low_16_child_ratio_low,info,ratio=0.0270
2461703-B3,low_16_child_ratio_low,info,ratio=0.0198
2461718-B3,low_16_child_ratio_low,info,ratio=0.0366
2461718-B3,high_parent_coverage_low,warning,ratio=0.8950
2461755-B3,low_16_child_ratio_low,info,ratio=0.0526
2461836-B2,low_16_child_ratio_low,info,ratio=0.0417
2461857-B2,low_16_child_ratio_low,info,ratio=0.0377
2461861-B2,low_16_child_ratio_low,info,ratio=0.0000
2462123-B2,low_16_child_ratio_low,info,ratio=0.0000
2462170-B4,low_16_child_ratio_low,info,ratio=0.0171
2462290-B2,low_16_child_ratio_low,info,ratio=0.0210
2462293-B3,low_16_child_ratio_low,info,ratio=0.0236
2462478-B2,low_16_child_ratio_low,info,ratio=0.0329
2462478-B2,high_parent_coverage_low,warning,ratio=0.8541
2462483-B,low_16_child_ratio_low,info,ratio=0.0588
2462598-B,low_16_child_ratio_low,info,ratio=0.0205
2462614-B3,low_16_child_ratio_low,info,ratio=0.0089
2462637-B2,low_16_child_ratio_low,info,ratio=0.0181
2462830-B2,low_16_child_ratio_low,info,ratio=0.0291
2462830-B4,low_16_child_ratio_low,info,ratio=0.0143
2462840-B5,low_16_child_ratio_low,info,ratio=0.0105
2462885-B2,low_16_child_ratio_low,info,ratio=0.0294
2462920-B3,low_16_child_ratio_low,info,ratio=0.0293
2462921-B,low_16_child_ratio_low,info,ratio=0.0129
2462987-B2,low_16_child_ratio_low,info,ratio=0.0432
2463126-B2,low_16_child_ratio_low,info,ratio=0.0278
2463127-B3,low_16_child_ratio_low,info,ratio=0.0192
2463135-B,low_16_child_ratio_low,info,ratio=0.0098
2463187-B2,low_16_child_ratio_low,info,ratio=0.0273
2463351-B4,low_16_child_ratio_low,info,ratio=0.0114
2463370-B2,low_16_child_ratio_low,info,ratio=0.0365
2463379-B4,low_16_child_ratio_low,info,ratio=0.0392
2463404-B2,low_16_child_ratio_low,info,ratio=0.0230
2463643-B,low_16_child_ratio_low,info,ratio=0.0332
2463647-B2,low_16_child_ratio_low,info,ratio=0.0098
2463656-B2,low_16_child_ratio_low,info,ratio=0.0382
2463720-B7,low_16_child_ratio_low,info,ratio=0.0338
2464404-B5,low_16_child_ratio_low,info,ratio=0.0435
2464438-B5,low_16_child_ratio_low,info,ratio=0.0204
2464443-B,low_16_child_ratio_low,info,ratio=0.0157
2464548-B,low_16_child_ratio_low,info,ratio=0.0148
2464690-B2,low_16_child_ratio_low,info,ratio=0.0205
2464812-B3,low_16_child_ratio_low,info,ratio=0.0236
2464817-B,low_16_child_ratio_low,info,ratio=0.0075
2464879-B2,low_16_child_ratio_low,info,ratio=0.0261
2464929-B,low_16_child_ratio_low,info,ratio=0.0103
2464943-B2,low_16_child_ratio_low,info,ratio=0.0155
2465202-B3,low_16_child_ratio_low,info,ratio=0.0186
2465243-B2,low_16_child_ratio_low,info,ratio=0.0172
2465263-B2,low_16_child_ratio_low,info,ratio=0.0429
2465339-B2,low_16_child_ratio_low,info,ratio=0.0141
2465367-B3,low_16_child_ratio_low,info,ratio=0.0320
2465396-B2,low_16_child_ratio_low,info,ratio=0.0364
2465397-B,low_16_child_ratio_low,info,ratio=0.0191
2465568-B2,low_16_child_ratio_low,info,ratio=0.0160
2465608-B2,low_16_child_ratio_low,info,ratio=0.0154
2465625-B,low_16_child_ratio_low,info,ratio=0.0291
2465636-B,low_16_child_ratio_low,info,ratio=0.0261
2465639-B2,low_16_child_ratio_low,info,ratio=0.0511
2465643-B3,low_16_child_ratio_low,info,ratio=0.0120
2465661-B2,low_16_child_ratio_low,info,ratio=0.0106
2465795-B4,low_16_child_ratio_low,info,ratio=0.0205
2465827-B5,low_16_child_ratio_low,info,ratio=0.0284
2465843-B2,low_16_child_ratio_low,info,ratio=0.0260
2465989-B2,low_16_child_ratio_low,info,ratio=0.0195
2466152-B2,low_16_child_ratio_low,info,ratio=0.0129
2466159-B2,low_16_child_ratio_low,info,ratio=0.0128
2466264-B2,low_16_child_ratio_low,info,ratio=0.0106
2466285-B,low_16_child_ratio_low,info,ratio=0.0065
2466580-B5,low_16_child_ratio_low,info,ratio=0.0098
2466581-B1,low_16_child_ratio_low,info,ratio=0.0133
2466581-B2,low_16_child_ratio_low,info,ratio=0.0400
2466584-B,low_16_child_ratio_low,info,ratio=0.0049
2466703-B4,low_16_child_ratio_low,info,ratio=0.0411
2466718-B,low_16_child_ratio_low,info,ratio=0.0095
2466866-B,low_16_child_ratio_low,info,ratio=0.0291
2466881-B2,low_16_child_ratio_low,info,ratio=0.0189
2466884-B2,low_16_child_ratio_low,info,ratio=0.0221
2466891-B2,low_16_child_ratio_low,info,ratio=0.0115
2466893-B2,low_16_child_ratio_low,info,ratio=0.0156
2466898-B2,low_16_child_ratio_low,info,ratio=0.0072
2466899-B2,low_16_child_ratio_low,info,ratio=0.0413
2466923-B2,low_16_child_ratio_low,info,ratio=0.0174
2468321-B2,low_16_child_ratio_low,info,ratio=0.0213
2468325-B,low_16_child_ratio_low,info,ratio=0.0180
2468417-B2,low_16_child_ratio_low,info,ratio=0.0109
2468419-B2,low_16_child_ratio_low,info,ratio=0.0095
2468419-B3,low_16_child_ratio_low,info,ratio=0.0120
2468442-B2,low_16_child_ratio_low,info,ratio=0.0253
2468450-B2,low_16_child_ratio_low,info,ratio=0.0437
2468673-B2,low_16_child_ratio_low,info,ratio=0.0063
2468698-B2,low_16_child_ratio_low,info,ratio=0.0326
2468720-B2,low_16_child_ratio_low,info,ratio=0.0123
2468796-B3,low_16_child_ratio_low,info,ratio=0.0203
2468954-B2,low_16_child_ratio_low,info,ratio=0.0280
2469004-B2,low_16_child_ratio_low,info,ratio=0.0173
2469005-B2,low_16_child_ratio_low,info,ratio=0.0210
2469007-B2,low_16_child_ratio_low,info,ratio=0.0318
2469019-B2,low_16_child_ratio_low,info,ratio=0.0078
2469023-B2,low_16_child_ratio_low,info,ratio=0.0116
2469023-B4,low_16_child_ratio_low,info,ratio=0.0405
2469024-B,low_16_child_ratio_low,info,ratio=0.0087
2469029-B2,low_16_child_ratio_low,info,ratio=0.0185
2469033-B2,low_16_child_ratio_low,info,ratio=0.0253
2469047-B2,low_16_child_ratio_low,info,ratio=0.0094
2469072-B2,low_16_child_ratio_low,info,ratio=0.0887
2469074-B2,low_16_child_ratio_low,info,ratio=0.0192
2469110-B3,low_16_child_ratio_low,info,ratio=0.0317
2469230-B,low_16_child_ratio_low,info,ratio=0.0157
2469256-B2,low_16_child_ratio_low,info,ratio=0.0359
2469260-B3,low_16_child_ratio_low,info,ratio=0.0249
2469496-B,low_16_child_ratio_low,info,ratio=0.0265
2469505-B2,low_16_child_ratio_low,info,ratio=0.0873
2469515-B2,low_16_child_ratio_low,info,ratio=0.0241
2469569-B2,low_16_child_ratio_low,info,ratio=0.0597
2469661-B,low_16_child_ratio_low,info,ratio=0.0851
2469693-B,low_16_child_ratio_low,info,ratio=0.0118
2469849-B2,low_16_child_ratio_low,info,ratio=0.0449
2469916-B2,low_16_child_ratio_low,info,ratio=0.0178
2469927-B2,low_16_child_ratio_low,info,ratio=0.0153
2469963-B2,low_16_child_ratio_low,info,ratio=0.0145
2469965-B2,low_16_child_ratio_low,info,ratio=0.0232
2469969-B2,low_16_child_ratio_low,info,ratio=0.0114
2470260-B,low_16_child_ratio_low,info,ratio=0.0139
2470270-B2,low_16_child_ratio_low,info,ratio=0.0227
2470405-B2,low_16_child_ratio_low,info,ratio=0.0158
2470647-B2,low_16_child_ratio_low,info,ratio=0.0252
2470657-B3,low_16_child_ratio_low,info,ratio=0.0085
2471072-B2,low_16_child_ratio_low,info,ratio=0.0228
2471237-B2,low_16_child_ratio_low,info,ratio=0.0194
2471442-B3,low_16_child_ratio_low,info,ratio=0.0345
2471452-B2,low_16_child_ratio_low,info,ratio=0.0303
2471595-B3,low_16_child_ratio_low,info,ratio=0.0093
2471618-B3,low_16_child_ratio_low,info,ratio=0.0155
2471884-B2,low_16_child_ratio_low,info,ratio=0.0286
2471885-B2,low_16_child_ratio_low,info,ratio=0.0312
2471887-B,low_16_child_ratio_low,info,ratio=0.0448
2471921-B2,low_16_child_ratio_low,info,ratio=0.0357
2471957-B,low_16_child_ratio_low,info,ratio=0.0941
2471959-B2,low_16_child_ratio_low,info,ratio=0.0359
2471963-B,low_16_child_ratio_low,info,ratio=0.0214
2472316-B7,low_16_child_ratio_low,info,ratio=0.0435
2472453-B2,low_16_child_ratio_low,info,ratio=0.0357
2472465-B2,low_16_child_ratio_low,info,ratio=0.0201
2472471-B2,low_16_child_ratio_low,info,ratio=0.0263
2472481-B2,low_16_child_ratio_low,info,ratio=0.0258
2472500-B2,low_16_child_ratio_low,info,ratio=0.0071
2472505-B,low_16_child_ratio_low,info,ratio=0.0089
2472509-B4,low_16_child_ratio_low,info,ratio=0.0286
2472509-B6,low_16_child_ratio_low,info,ratio=0.0108
2473212-B4,low_16_child_ratio_low,info,ratio=0.0374
2473218-B2,low_16_child_ratio_low,info,ratio=0.0405
2473218-B3,low_16_child_ratio_low,info,ratio=0.0275
2473228-B2,low_16_child_ratio_low,info,ratio=0.0160
2473266-B,low_16_child_ratio_low,info,ratio=0.0100
2473272-B3,low_16_child_ratio_low,info,ratio=0.0202
2473366-B2,low_16_child_ratio_low,info,ratio=0.0132
2473394-B2,low_16_child_ratio_low,info,ratio=0.0136
2473534-B2,low_16_child_ratio_low,info,ratio=0.0307
2473545-B2,low_16_child_ratio_low,info,ratio=0.0142
2473545-B3,low_16_child_ratio_low,info,ratio=0.0161
2473549-B,low_16_child_ratio_low,info,ratio=0.0385
2473600-B3,low_16_child_ratio_low,info,ratio=0.0156
2473608-B2,low_16_child_ratio_low,info,ratio=0.0134
2473621-B3,low_16_child_ratio_low,info,ratio=0.0127
2473623-B2,low_16_child_ratio_low,info,ratio=0.0274
2473738-B3,low_16_child_ratio_low,info,ratio=0.0114
2474124-B2,low_16_child_ratio_low,info,ratio=0.0144
2474140-B3,low_16_child_ratio_low,info,ratio=0.0352
2474150-B3,low_16_child_ratio_low,info,ratio=0.0273
2474188-B2,low_16_child_ratio_low,info,ratio=0.0158
2474189-B7,low_16_child_ratio_low,info,ratio=0.0984
2474291-B2,low_16_child_ratio_low,info,ratio=0.0158
2474337-B3,low_16_child_ratio_low,info,ratio=0.0199
2474500-B2,low_16_child_ratio_low,info,ratio=0.0506
2474612-B2,low_16_child_ratio_low,info,ratio=0.0224
2474626-B2,low_16_child_ratio_low,info,ratio=0.0236
2474631-B3,low_16_child_ratio_low,info,ratio=0.0273
2474638-B3,low_16_child_ratio_low,info,ratio=0.0000
2474704-B2,low_16_child_ratio_low,info,ratio=0.0069
2474718-B4,low_16_child_ratio_low,info,ratio=0.0065
2474721-B,low_16_child_ratio_low,info,ratio=0.0162
2474739-B2,low_16_child_ratio_low,info,ratio=0.0127
2474901-B,low_16_child_ratio_low,info,ratio=0.0200
2475011-B2,low_16_child_ratio_low,info,ratio=0.0219
2475022-B,low_16_child_ratio_low,info,ratio=0.0089
2475126-B2,low_16_child_ratio_low,info,ratio=0.0130
2475159-B,low_16_child_ratio_low,info,ratio=0.0112
2475184-B2,low_16_child_ratio_low,info,ratio=0.0165
2475349-B2,low_16_child_ratio_low,info,ratio=0.0379
2476242-B2,low_16_child_ratio_low,info,ratio=0.0042
2476250-B2,low_16_child_ratio_low,info,ratio=0.0759
2476252-B2,low_16_child_ratio_low,info,ratio=0.0333
2476295-B3,low_16_child_ratio_low,info,ratio=0.0161
2476358-B2,low_16_child_ratio_low,info,ratio=0.0425
2476376-B2,low_16_child_ratio_low,info,ratio=0.0191
2476391-B2,low_16_child_ratio_low,info,ratio=0.0065
2476681-B2,low_16_child_ratio_low,info,ratio=0.0233
2476750-B,low_16_child_ratio_low,info,ratio=0.0250
2476834-B3,low_16_child_ratio_low,info,ratio=0.0132
2476856-B2,low_16_child_ratio_low,info,ratio=0.0115
2476983-B,low_16_child_ratio_low,info,ratio=0.0608
2476984-B2,low_16_child_ratio_low,info,ratio=0.0253
2477039-B,low_16_child_ratio_low,info,ratio=0.0081
2477053-B3,low_16_child_ratio_low,info,ratio=0.0101
2477058-B2,low_16_child_ratio_low,info,ratio=0.0268
2477118-B3,low_16_child_ratio_low,info,ratio=0.0136
2477118-B4,low_16_child_ratio_low,info,ratio=0.0359
2477189-B2,low_16_child_ratio_low,info,ratio=0.0103
2477189-B3,low_16_child_ratio_low,info,ratio=0.0543
2477274-B3,low_16_child_ratio_low,info,ratio=0.0315
2477285-B2,low_16_child_ratio_low,info,ratio=0.0136
2477299-B2,low_16_child_ratio_low,info,ratio=0.0076
2477473-B2,low_16_child_ratio_low,info,ratio=0.0250
2477476-B2,low_16_child_ratio_low,info,ratio=0.0096
2477541-B2,low_16_child_ratio_low,info,ratio=0.0213
2477577-B3,low_16_child_ratio_low,info,ratio=0.0236
2477668-B3,low_16_child_ratio_low,info,ratio=0.0158
2477670-B2,low_16_child_ratio_low,info,ratio=0.0038
2477695-B2,low_16_child_ratio_low,info,ratio=0.0098
2477809-B3,low_16_child_ratio_low,info,ratio=0.0198
2477814-B5,low_16_child_ratio_low,info,ratio=0.0140
2477941-B2,low_16_child_ratio_low,info,ratio=0.0110
2477949-B2,low_16_child_ratio_low,info,ratio=0.0213
2477977-B3,low_16_child_ratio_low,info,ratio=0.0208
2478091-B4,low_16_child_ratio_low,info,ratio=0.0037
2481696-B4,low_16_child_ratio_low,info,ratio=0.0221
2481703-B2,low_16_child_ratio_low,info,ratio=0.0295
2481723-B2,low_16_child_ratio_low,info,ratio=0.0187
2481750-B2,low_16_child_ratio_low,info,ratio=0.0323
2482055-B2,low_16_child_ratio_low,info,ratio=0.0151
2482056-B4,low_16_child_ratio_low,info,ratio=0.0179
2482056-B9,low_16_child_ratio_low,info,ratio=0.0267
2482461-B2,low_16_child_ratio_low,info,ratio=0.0075
2482483-B2,low_16_child_ratio_low,info,ratio=0.0118
2482607-B,low_16_child_ratio_low,info,ratio=0.0279
2482886-B2,low_16_child_ratio_low,info,ratio=0.0100
2482896-B2,low_16_child_ratio_low,info,ratio=0.0490
2482947-B2,low_16_child_ratio_low,info,ratio=0.0270
2482952-B2,low_16_child_ratio_low,info,ratio=0.0298
2482956-B,low_16_child_ratio_low,info,ratio=0.0100
2482957-B2,low_16_child_ratio_low,info,ratio=0.0140
2482962-B2,low_16_child_ratio_low,info,ratio=0.0571
2482964-B2,low_16_child_ratio_low,info,ratio=0.0063
2482969-B,low_16_child_ratio_low,info,ratio=0.0132
2482992-B,low_16_child_ratio_low,info,ratio=0.0169
2483014-B4,low_16_child_ratio_low,info,ratio=0.0320
2483055-B2,low_16_child_ratio_low,info,ratio=0.0185
2483211-B2,low_16_child_ratio_low,info,ratio=0.0243
2483215-B5,low_16_child_ratio_low,info,ratio=0.0132
2483215-B6,low_16_child_ratio_low,info,ratio=0.0063
2483220-B1,low_16_child_ratio_low,info,ratio=0.0315
2483363-B3,low_16_child_ratio_low,info,ratio=0.0258
2483768-B4,low_16_child_ratio_low,info,ratio=0.0270
2483846-B,low_16_child_ratio_low,info,ratio=0.0052
2483862-B2,low_16_child_ratio_low,info,ratio=0.0202
2483868-B4,low_16_child_ratio_low,info,ratio=0.0000
2483961-B3,low_16_child_ratio_low,info,ratio=0.0316
2483973-B1,low_16_child_ratio_low,info,ratio=0.0433
2483993-B2,low_16_child_ratio_low,info,ratio=0.0175
2484004-B2,low_16_child_ratio_low,info,ratio=0.0097
2484209-B2,low_16_child_ratio_low,info,ratio=0.0102
2484220-B3,low_16_child_ratio_low,info,ratio=0.0106
2484228-B,low_16_child_ratio_low,info,ratio=0.0064
2484301-B2,low_16_child_ratio_low,info,ratio=0.0118
2484312-B2,low_16_child_ratio_low,info,ratio=0.0098
2484463-B2,low_16_child_ratio_low,info,ratio=0.0502
2484633-B2,low_16_child_ratio_low,info,ratio=0.0065
2484727-B2,low_16_child_ratio_low,info,ratio=0.0207
2484734-B4,low_16_child_ratio_low,info,ratio=0.0263
2484734-B5,low_16_child_ratio_low,info,ratio=0.0206
2484743-B4,low_16_child_ratio_low,info,ratio=0.0000
2484771-B3,low_16_child_ratio_low,info,ratio=0.0105
2484791-B3,low_16_child_ratio_low,info,ratio=0.0253
2484883-B2,low_16_child_ratio_low,info,ratio=0.0233
2485059-B2,low_16_child_ratio_low,info,ratio=0.0151
2485259-B6,low_16_child_ratio_low,info,ratio=0.0057
2485275-B2,low_16_child_ratio_low,info,ratio=0.0094
2485303-B2,low_16_child_ratio_low,info,ratio=0.0121
2485318-B2,low_16_child_ratio_low,info,ratio=0.0172
2485322-B2,low_16_child_ratio_low,info,ratio=0.0526
2485328-B2,low_16_child_ratio_low,info,ratio=0.0366
2485517-B2,low_16_child_ratio_low,info,ratio=0.0476
2485635-B2,low_16_child_ratio_low,info,ratio=0.0198
2485803-B2,low_16_child_ratio_low,info,ratio=0.0077
2485805-B,low_16_child_ratio_low,info,ratio=0.0249
2485969-B2,low_16_child_ratio_low,info,ratio=0.0149
2486100-B,low_16_child_ratio_low,info,ratio=0.0179
2486104-B1,low_16_child_ratio_low,info,ratio=0.0180
2486104-B2,low_16_child_ratio_low,info,ratio=0.0270
2486165-B2,low_16_child_ratio_low,info,ratio=0.0162
2486191-B,low_16_child_ratio_low,info,ratio=0.0040
2486197-B2,low_16_child_ratio_low,info,ratio=0.0078
2486262-B4,low_16_child_ratio_low,info,ratio=0.0071
2486653-B2,low_16_child_ratio_low,info,ratio=0.0000
2486653-B3,low_16_child_ratio_low,info,ratio=0.0126
2486687-B3,low_16_child_ratio_low,info,ratio=0.0190
2486812-B2,low_16_child_ratio_low,info,ratio=0.0170
2486813-B2,low_16_child_ratio_low,info,ratio=0.0185
2486833-B2,low_16_child_ratio_low,info,ratio=0.0065
2486845-B2,low_16_child_ratio_low,info,ratio=0.0000
2486859-B2,low_16_child_ratio_low,info,ratio=0.0333
2486859-B2,high_parent_coverage_low,warning,ratio=0.7564
2487140-B2,low_16_child_ratio_low,info,ratio=0.0429
2487143-B,low_16_child_ratio_low,info,ratio=0.0147
2487146-B2,low_16_child_ratio_low,info,ratio=0.0000
2487237-B2,low_16_child_ratio_low,info,ratio=0.0209
2487246-B2,low_16_child_ratio_low,info,ratio=0.0444
2487274-B2,low_16_child_ratio_low,info,ratio=0.0152
2487376-B2,low_16_child_ratio_low,info,ratio=0.0145
2487388-B2,low_16_child_ratio_low,info,ratio=0.0126
2487558-B2,low_16_child_ratio_low,info,ratio=0.0292
2487651-B,low_16_child_ratio_low,info,ratio=0.0125
2487656-B4,low_16_child_ratio_low,info,ratio=0.0204
2487664-B2,low_16_child_ratio_low,info,ratio=0.0397
2487896-B2,low_16_child_ratio_low,info,ratio=0.0101
2487935-B2,low_16_child_ratio_low,info,ratio=0.0212
2487941-B2,low_16_child_ratio_low,info,ratio=0.0317
2488039-B2,low_16_child_ratio_low,info,ratio=0.0302
2488044-B2,low_16_child_ratio_low,info,ratio=0.0302
2488044-B3,low_16_child_ratio_low,info,ratio=0.0318
2488050-B3,low_16_child_ratio_low,info,ratio=0.0206
2488065-B3,low_16_child_ratio_low,info,ratio=0.0123
2488320-B3,low_16_child_ratio_low,info,ratio=0.0165
2488330-B2,low_16_child_ratio_low,info,ratio=0.0072
2488344-B2,low_16_child_ratio_low,info,ratio=0.0140
2488369-B2,low_16_child_ratio_low,info,ratio=0.0218
2488475-B2,low_16_child_ratio_low,info,ratio=0.0217
2488477-B2,low_16_child_ratio_low,info,ratio=0.0189
2488767-B,low_16_child_ratio_low,info,ratio=0.0105
2488769-B2,low_16_child_ratio_low,info,ratio=0.0124
2488806-B2,low_16_child_ratio_low,info,ratio=0.0096
2488916-B2,low_16_child_ratio_low,info,ratio=0.0151
2488932-B4,low_16_child_ratio_low,info,ratio=0.0212
2489131-B3,low_16_child_ratio_low,info,ratio=0.0727
2489131-B3,high_parent_coverage_low,warning,ratio=0.8506
2489137-B4,low_16_child_ratio_low,info,ratio=0.0223
2489182-B2,low_16_child_ratio_low,info,ratio=0.0436
2489203-B,low_16_child_ratio_low,info,ratio=0.0103
2489331-B2,low_16_child_ratio_low,info,ratio=0.0498
25012148B4,low_16_child_ratio_low,info,ratio=0.0286
25012153B2,low_16_child_ratio_low,info,ratio=0.0231
25012170B4,low_16_child_ratio_low,info,ratio=0.0495
25012170B5,low_16_child_ratio_low,info,ratio=0.0258
25012175B4,low_16_child_ratio_low,info,ratio=0.0164
25012253B3,low_16_child_ratio_low,info,ratio=0.0297
25012485B2,low_16_child_ratio_low,info,ratio=0.0171
25012628B2,low_16_child_ratio_low,info,ratio=0.0231
25012760B2,low_16_child_ratio_low,info,ratio=0.0047
25012785B2,low_16_child_ratio_low,info,ratio=0.0344
25012915B2,low_16_child_ratio_low,info,ratio=0.0227
25012919B8,low_16_child_ratio_low,info,ratio=0.0333
25012919B9,low_16_child_ratio_low,info,ratio=0.0043
25013023B2,low_16_child_ratio_low,info,ratio=0.0114
25013062B3,low_16_child_ratio_low,info,ratio=0.0070
25013162B2,low_16_child_ratio_low,info,ratio=0.0282
25013189B2,low_16_child_ratio_low,info,ratio=0.0239
25013189B3,low_16_child_ratio_low,info,ratio=0.0040
25013352B2,low_16_child_ratio_low,info,ratio=0.0270
25013465B2,low_16_child_ratio_low,info,ratio=0.0058
25013871B6,low_16_child_ratio_low,info,ratio=0.0167
25013878B2,low_16_child_ratio_low,info,ratio=0.0113
25014124B2,low_16_child_ratio_low,info,ratio=0.0170
25014160B2,low_16_child_ratio_low,info,ratio=0.0476
25014217B2,low_16_child_ratio_low,info,ratio=0.0217
25014217B3,low_16_child_ratio_low,info,ratio=0.0400
25014226B2,low_16_child_ratio_low,info,ratio=0.0212
25014265B2,low_16_child_ratio_low,info,ratio=0.0050
25014268B,low_16_child_ratio_low,info,ratio=0.0349
25014311B2,low_16_child_ratio_low,info,ratio=0.0379
25014318B,low_16_child_ratio_low,info,ratio=0.0160
25014684B,low_16_child_ratio_low,info,ratio=0.0250
25015070B2,low_16_child_ratio_low,info,ratio=0.0367
25015087B2,low_16_child_ratio_low,info,ratio=0.0222
25015101B2,low_16_child_ratio_low,info,ratio=0.0195
25015103B2,low_16_child_ratio_low,info,ratio=0.0597
25015190B2,low_16_child_ratio_low,info,ratio=0.0166
25015204B2,low_16_child_ratio_low,info,ratio=0.0037
25015234B2,low_16_child_ratio_low,info,ratio=0.0093
25015408B3,low_16_child_ratio_low,info,ratio=0.0067
25015422B,low_16_child_ratio_low,info,ratio=0.0179
25015425B2,low_16_child_ratio_low,info,ratio=0.0243
25015488B2,low_16_child_ratio_low,info,ratio=0.0109
25015495B3,low_16_child_ratio_low,info,ratio=0.0278
25015495B4,low_16_child_ratio_low,info,ratio=0.0091
25015607B2,low_16_child_ratio_low,info,ratio=0.0378
25015622B2,low_16_child_ratio_low,info,ratio=0.0242
25015625B2,low_16_child_ratio_low,info,ratio=0.0503
25015811B3,low_16_child_ratio_low,info,ratio=0.0175
25015811B4,low_16_child_ratio_low,info,ratio=0.0180
25015820B,low_16_child_ratio_low,info,ratio=0.0133
25015863B2,low_16_child_ratio_low,info,ratio=0.0138
25015870B3,low_16_child_ratio_low,info,ratio=0.0333
25016077B2,low_16_child_ratio_low,info,ratio=0.0236
25016088B2,low_16_child_ratio_low,info,ratio=0.0132
25016772B2,low_16_child_ratio_low,info,ratio=0.0116
25016785B2,low_16_child_ratio_low,info,ratio=0.0119
25016801B2,low_16_child_ratio_low,info,ratio=0.0135
25016829B2,low_16_child_ratio_low,info,ratio=0.0348
25016903B4,low_16_child_ratio_low,info,ratio=0.0182
25016905B4,low_16_child_ratio_low,info,ratio=0.0182
25016915B2,low_16_child_ratio_low,info,ratio=0.0415
25016926B2,low_16_child_ratio_low,info,ratio=0.0205
25017089B2,low_16_child_ratio_low,info,ratio=0.0195
25017211B2,low_16_child_ratio_low,info,ratio=0.0114
25017218B3,low_16_child_ratio_low,info,ratio=0.0446
25017220B2,low_16_child_ratio_low,info,ratio=0.0347
25017227B2,low_16_child_ratio_low,info,ratio=0.0159
25017242B2,low_16_child_ratio_low,info,ratio=0.0036
25017320B2,low_16_child_ratio_low,info,ratio=0.0247
25017322B2,low_16_child_ratio_low,info,ratio=0.0030
25017338B3,low_16_child_ratio_low,info,ratio=0.0129
25017341B4,low_16_child_ratio_low,info,ratio=0.0278
25017354B5,low_16_child_ratio_low,info,ratio=0.0168
25017355B1,low_16_child_ratio_low,info,ratio=0.0187
25017372B2,low_16_child_ratio_low,info,ratio=0.0395
25017383B2,low_16_child_ratio_low,info,ratio=0.0115
25017515B2,low_16_child_ratio_low,info,ratio=0.0146
25017518B2,low_16_child_ratio_low,info,ratio=0.0396
25017538B4,low_16_child_ratio_low,info,ratio=0.0133
25017539B2,low_16_child_ratio_low,info,ratio=0.0145
25017539B3,low_16_child_ratio_low,info,ratio=0.0090
25017589B6,low_16_child_ratio_low,info,ratio=0.0392
25017711B,low_16_child_ratio_low,info,ratio=0.0104
25017716B2,low_16_child_ratio_low,info,ratio=0.0229
25017718B2,low_16_child_ratio_low,info,ratio=0.0093
25017738B2,low_16_child_ratio_low,info,ratio=0.0150
25017748B2,low_16_child_ratio_low,info,ratio=0.0208
25017767B2,low_16_child_ratio_low,info,ratio=0.0095
25017932B2,low_16_child_ratio_low,info,ratio=0.0323
25017948B3,low_16_child_ratio_low,info,ratio=0.0174
25018002B2,low_16_child_ratio_low,info,ratio=0.0281
25018050B2,low_16_child_ratio_low,info,ratio=0.0205
25018453B2,low_16_child_ratio_low,info,ratio=0.0476
25018457B2,low_16_child_ratio_low,info,ratio=0.0106
25018571B2,low_16_child_ratio_low,info,ratio=0.0265
25018910B2,low_16_child_ratio_low,info,ratio=0.0207
25019081B3,low_16_child_ratio_low,info,ratio=0.0100
25019102B4,low_16_child_ratio_low,info,ratio=0.0128
25019107B,low_16_child_ratio_low,info,ratio=0.0085
25019283B2,low_16_child_ratio_low,info,ratio=0.0301
25019284B2,low_16_child_ratio_low,info,ratio=0.0205
25019352B2,low_16_child_ratio_low,info,ratio=0.0172
25019376B2,low_16_child_ratio_low,info,ratio=0.0146
25019379B,low_16_child_ratio_low,info,ratio=0.0137
25019384B2,low_16_child_ratio_low,info,ratio=0.0088
25019457B2,low_16_child_ratio_low,info,ratio=0.0312
25019468B2,low_16_child_ratio_low,info,ratio=0.0270
25019508B4,low_16_child_ratio_low,info,ratio=0.0169
25019621B2,low_16_child_ratio_low,info,ratio=0.0403
25019621B4,low_16_child_ratio_low,info,ratio=0.0166
25019716B2,low_16_child_ratio_low,info,ratio=0.0323
25019773B3,low_16_child_ratio_low,info,ratio=0.0144
25019776B2,low_16_child_ratio_low,info,ratio=0.0279
25019790B2,low_16_child_ratio_low,info,ratio=0.0023
25019806B2,low_16_child_ratio_low,info,ratio=0.0182
25020257B2,low_16_child_ratio_low,info,ratio=0.0000
25020263B2,low_16_child_ratio_low,info,ratio=0.0431
25020282B2,low_16_child_ratio_low,info,ratio=0.0117
25020291B2,low_16_child_ratio_low,info,ratio=0.0189
25020573B3,low_16_child_ratio_low,info,ratio=0.0140
25020714B2,low_16_child_ratio_low,info,ratio=0.0078
25020717B2,low_16_child_ratio_low,info,ratio=0.0183
25020760B3,low_16_child_ratio_low,info,ratio=0.0376
25021120B4,low_16_child_ratio_low,info,ratio=0.0107
25021164B2,low_16_child_ratio_low,info,ratio=0.0056
25021171B2,low_16_child_ratio_low,info,ratio=0.0368
25021197B2,low_16_child_ratio_low,info,ratio=0.0351
25021260B2,low_16_child_ratio_low,info,ratio=0.0115
25021291B2,low_16_child_ratio_low,info,ratio=0.0187
25021419B1,low_16_child_ratio_low,info,ratio=0.0126
25021474B,low_16_child_ratio_low,info,ratio=0.0058
25021481B2,low_16_child_ratio_low,info,ratio=0.0118
25021538B2,low_16_child_ratio_low,info,ratio=0.0149
25021554B2,low_16_child_ratio_low,info,ratio=0.0259
25021575B4,low_16_child_ratio_low,info,ratio=0.0316
25021622B4,low_16_child_ratio_low,info,ratio=0.0144
25021640B3,low_16_child_ratio_low,info,ratio=0.0102
25021658B3,low_16_child_ratio_low,info,ratio=0.0286
25021662B2,low_16_child_ratio_low,info,ratio=0.0288
25021667B2,low_16_child_ratio_low,info,ratio=0.0287
25021668B2,low_16_child_ratio_low,info,ratio=0.0690
25021893B2,low_16_child_ratio_low,info,ratio=0.0158
25021894B2,low_16_child_ratio_low,info,ratio=0.0200
25021894B3,low_16_child_ratio_low,info,ratio=0.0051
25021901B2,low_16_child_ratio_low,info,ratio=0.0063
25021911B2,low_16_child_ratio_low,info,ratio=0.0334
25021918B4,low_16_child_ratio_low,info,ratio=0.0208
25021973B2,low_16_child_ratio_low,info,ratio=0.0147
25022019B2,low_16_child_ratio_low,info,ratio=0.0089
25022038B2,low_16_child_ratio_low,info,ratio=0.0180
25022262B2,low_16_child_ratio_low,info,ratio=0.0248
25022278B2,low_16_child_ratio_low,info,ratio=0.0100
25022330B2,low_16_child_ratio_low,info,ratio=0.0260
25022343B3,low_16_child_ratio_low,info,ratio=0.0261
25022354B2,low_16_child_ratio_low,info,ratio=0.0128
25022406B2,low_16_child_ratio_low,info,ratio=0.0184
25023016B6,low_16_child_ratio_low,info,ratio=0.0166
25023184B2,low_16_child_ratio_low,info,ratio=0.0152
25023573B,low_16_child_ratio_low,info,ratio=0.0105
25023590B3,low_16_child_ratio_low,info,ratio=0.0405
25023590B4,low_16_child_ratio_low,info,ratio=0.0241
25023687B2,low_16_child_ratio_low,info,ratio=0.0043
25023690B3,low_16_child_ratio_low,info,ratio=0.0412
25023814B,low_16_child_ratio_low,info,ratio=0.0174
25023869B3,low_16_child_ratio_low,info,ratio=0.0294
25023869B4,low_16_child_ratio_low,info,ratio=0.0347
25023930B2,low_16_child_ratio_low,info,ratio=0.0145
25023934B2,low_16_child_ratio_low,info,ratio=0.0000
25023936B2,low_16_child_ratio_low,info,ratio=0.0255
25023977B2,low_16_child_ratio_low,info,ratio=0.0150
25024142B2,low_16_child_ratio_low,info,ratio=0.0153
25024243B2,low_16_child_ratio_low,info,ratio=0.0320
25024302B4,low_16_child_ratio_low,info,ratio=0.0241
25024310B3,low_16_child_ratio_low,info,ratio=0.0198
25024431B,low_16_child_ratio_low,info,ratio=0.0255
25024688B2,low_16_child_ratio_low,info,ratio=0.0234
25024698B4,low_16_child_ratio_low,info,ratio=0.0064
25024709B2,low_16_child_ratio_low,info,ratio=0.0042
25024732B2,low_16_child_ratio_low,info,ratio=0.0156
25024855B3,low_16_child_ratio_low,info,ratio=0.0159
25024878B3,low_16_child_ratio_low,info,ratio=0.0216
25024982B2,low_16_child_ratio_low,info,ratio=0.0153
25024983B2,low_16_child_ratio_low,info,ratio=0.0344
25025083B2,low_16_child_ratio_low,info,ratio=0.0230
25025096B2,low_16_child_ratio_low,info,ratio=0.0273
25025102B2,low_16_child_ratio_low,info,ratio=0.0324
25025109B2,low_16_child_ratio_low,info,ratio=0.0139
25025240B,low_16_child_ratio_low,info,ratio=0.0137
25025245B2,low_16_child_ratio_low,info,ratio=0.0121
25025251B,low_16_child_ratio_low,info,ratio=0.0049
25025262B2,low_16_child_ratio_low,info,ratio=0.0204
25025297B,low_16_child_ratio_low,info,ratio=0.0194
25025298B2,low_16_child_ratio_low,info,ratio=0.0155
25025506B,low_16_child_ratio_low,info,ratio=0.0367
25025509B2,low_16_child_ratio_low,info,ratio=0.0131
25025510B1,low_16_child_ratio_low,info,ratio=0.0060
25025510B3,low_16_child_ratio_low,info,ratio=0.0092
25025567B3,low_16_child_ratio_low,info,ratio=0.0139
25025570B2,low_16_child_ratio_low,info,ratio=0.0071
25025575B2,low_16_child_ratio_low,info,ratio=0.0000
25025602B2,low_16_child_ratio_low,info,ratio=0.0099
25025675B2,low_16_child_ratio_low,info,ratio=0.0097
25025788B2,low_16_child_ratio_low,info,ratio=0.0202
25025953B2,low_16_child_ratio_low,info,ratio=0.0171
25025960B2,low_16_child_ratio_low,info,ratio=0.0615
25026075B2,low_16_child_ratio_low,info,ratio=0.0102
25026081B2,low_16_child_ratio_low,info,ratio=0.0042
25026103B3,low_16_child_ratio_low,info,ratio=0.0172
25026163B,low_16_child_ratio_low,info,ratio=0.0060
25026180B2,low_16_child_ratio_low,info,ratio=0.0072
25026254B2,low_16_child_ratio_low,info,ratio=0.0106
25026291B2,low_16_child_ratio_low,info,ratio=0.0133
25026669B2,low_16_child_ratio_low,info,ratio=0.0215
25026740B2,low_16_child_ratio_low,info,ratio=0.0150
25026798B2,low_16_child_ratio_low,info,ratio=0.0244
25027122B2,low_16_child_ratio_low,info,ratio=0.0162
25027135B3,low_16_child_ratio_low,info,ratio=0.0255
25027167B2,low_16_child_ratio_low,info,ratio=0.0167
25027290B2,low_16_child_ratio_low,info,ratio=0.0095
25012148B3,low_16_child_ratio_low,info,ratio=0.0251
25017073B2,low_16_child_ratio_low,info,ratio=0.0203
25018584B,low_16_child_ratio_low,info,ratio=0.0244
25018592B,low_16_child_ratio_low,info,ratio=0.0306
2490526B3,low_16_child_ratio_low,info,ratio=0.0249
2490547B2,low_16_child_ratio_low,info,ratio=0.0529
2490750B4,low_16_child_ratio_low,info,ratio=0.0000
2490820B2,low_16_child_ratio_low,info,ratio=0.0075
2490820B3,low_16_child_ratio_low,info,ratio=0.0224
2490837B2,low_16_child_ratio_low,info,ratio=0.0239
2490844B1,low_16_child_ratio_low,info,ratio=0.0264
2490860B2,low_16_child_ratio_low,info,ratio=0.0069
2490963B2,low_16_child_ratio_low,info,ratio=0.0116
2490964B2,low_16_child_ratio_low,info,ratio=0.0708
2490972B8,low_16_child_ratio_low,info,ratio=0.0105
2490978B2,low_16_child_ratio_low,info,ratio=0.0217
2491131B2,low_16_child_ratio_low,info,ratio=0.0114
2491191B2,low_16_child_ratio_low,info,ratio=0.0090
2491191B3,low_16_child_ratio_low,info,ratio=0.0190
2491226B2,low_16_child_ratio_low,info,ratio=0.0311
2491275B2,low_16_child_ratio_low,info,ratio=0.0140
2491560B2,low_16_child_ratio_low,info,ratio=0.0547
25001929B3,low_16_child_ratio_low,info,ratio=0.0168
25001939B2,low_16_child_ratio_low,info,ratio=0.0166
25001965B2,low_16_child_ratio_low,info,ratio=0.0333
25001966B2,low_16_child_ratio_low,info,ratio=0.0347
25002073B3,low_16_child_ratio_low,info,ratio=0.0233
25002238B,low_16_child_ratio_low,info,ratio=0.0117
25002328B2,low_16_child_ratio_low,info,ratio=0.0460
25002329B2,low_16_child_ratio_low,info,ratio=0.0119
25002366B6,low_16_child_ratio_low,info,ratio=0.0325
25002388B2,low_16_child_ratio_low,info,ratio=0.0275
25002391B2,low_16_child_ratio_low,info,ratio=0.0136
25002472B2,low_16_child_ratio_low,info,ratio=0.0110
25002496B2,low_16_child_ratio_low,info,ratio=0.0367
25002504B2,low_16_child_ratio_low,info,ratio=0.0231
25002663B5,low_16_child_ratio_low,info,ratio=0.0176
25002744B2,low_16_child_ratio_low,info,ratio=0.0154
25002788B2,low_16_child_ratio_low,info,ratio=0.0142
25002789B2,low_16_child_ratio_low,info,ratio=0.0161
25002801B1,low_16_child_ratio_low,info,ratio=0.0119
25002804B2,low_16_child_ratio_low,info,ratio=0.0150
25002897B2,low_16_child_ratio_low,info,ratio=0.0113
25002898B2,low_16_child_ratio_low,info,ratio=0.0190
25002906B2,low_16_child_ratio_low,info,ratio=0.0108
25002907B3,low_16_child_ratio_low,info,ratio=0.0212
25003038B2,low_16_child_ratio_low,info,ratio=0.0153
25009124B2,low_16_child_ratio_low,info,ratio=0.0135
25009148B3,low_16_child_ratio_low,info,ratio=0.0284
25009148B4,low_16_child_ratio_low,info,ratio=0.0403
25009294B2,low_16_child_ratio_low,info,ratio=0.0143
25009297B,low_16_child_ratio_low,info,ratio=0.0145
25009367B2,low_16_child_ratio_low,info,ratio=0.0079
25009529B2,low_16_child_ratio_low,info,ratio=0.0176
25009539B3,low_16_child_ratio_low,info,ratio=0.0270
25009578B4,low_16_child_ratio_low,info,ratio=0.0244
25009747B,low_16_child_ratio_low,info,ratio=0.0205
25009756B2,low_16_child_ratio_low,info,ratio=0.0212
25015064B,low_16_child_ratio_low,info,ratio=0.0270
2460615-B4,low_16_child_ratio_low,info,ratio=0.0127
2460943-B3,low_16_child_ratio_low,info,ratio=0.0204
2462468-B2,low_16_child_ratio_low,info,ratio=0.0558
2462609-B2,low_16_child_ratio_low,info,ratio=0.0328
2462939-B,low_16_child_ratio_low,info,ratio=0.0202
2463367-B2,low_16_child_ratio_low,info,ratio=0.0133
2476286-B2,low_16_child_ratio_low,info,ratio=0.0331
2476299-B2,low_16_child_ratio_low,info,ratio=0.0088
2476693-B3,low_16_child_ratio_low,info,ratio=0.0273
2477926-B4,low_16_child_ratio_low,info,ratio=0.0064
2482111-B2,low_16_child_ratio_low,info,ratio=0.0142
2482883-B2,low_16_child_ratio_low,info,ratio=0.0256
2483073-B3,low_16_child_ratio_low,info,ratio=0.0173
2483850-B2,low_16_child_ratio_low,info,ratio=0.0184
2484660-B2,low_16_child_ratio_low,info,ratio=0.0100
2484791-B2,low_16_child_ratio_low,info,ratio=0.0243
2484862-B3,low_16_child_ratio_low,info,ratio=0.0127
2485164-B2,low_16_child_ratio_low,info,ratio=0.0137
2485276-B3,low_16_child_ratio_low,info,ratio=0.0544
2485473-B2,low_16_child_ratio_low,info,ratio=0.0038
2485536-B2,low_16_child_ratio_low,info,ratio=0.0104
2485632-B,low_16_child_ratio_low,info,ratio=0.0134
2486102-B2,low_16_child_ratio_low,info,ratio=0.0909
2486102-B2,high_parent_coverage_low,warning,ratio=0.8445
2487043-B,low_16_child_ratio_low,info,ratio=0.0367
2487053-B2,low_16_child_ratio_low,info,ratio=0.0198
2487063-B2,low_16_child_ratio_low,info,ratio=0.0579
2487518-B,low_16_child_ratio_low,info,ratio=0.0330
2487567-B2,low_16_child_ratio_low,info,ratio=0.0388
2488040-B,low_16_child_ratio_low,info,ratio=0.0352
2488302-B2,low_16_child_ratio_low,info,ratio=0.0123
2488335-B,low_16_child_ratio_low,info,ratio=0.0168
2488960-B2,low_16_child_ratio_low,info,ratio=0.0090
2488987-B2,low_16_child_ratio_low,info,ratio=0.0267
25012737B4,low_16_child_ratio_low,info,ratio=0.0328
25013062B2,low_16_child_ratio_low,info,ratio=0.0000
25013189B4,low_16_child_ratio_low,info,ratio=0.0672
25013629B6,low_16_child_ratio_low,info,ratio=0.0267
25013977B2,low_16_child_ratio_low,info,ratio=0.0118
25014298B2,low_16_child_ratio_low,info,ratio=0.0361
25014627B3,low_16_child_ratio_low,info,ratio=0.0544
25015052B3,low_16_child_ratio_low,info,ratio=0.0143
25015191B2,low_16_child_ratio_low,info,ratio=0.0149
25015191B3,low_16_child_ratio_low,info,ratio=0.0134
25015215B2,low_16_child_ratio_low,info,ratio=0.0345
25015421B3,low_16_child_ratio_low,info,ratio=0.0166
25015471B,low_16_child_ratio_low,info,ratio=0.0077
25015496B,low_16_child_ratio_low,info,ratio=0.0303
25015594B2,low_16_child_ratio_low,info,ratio=0.0000
25015608B2,low_16_child_ratio_low,info,ratio=0.0194
25015640B3,low_16_child_ratio_low,info,ratio=0.0347
25015640B5,low_16_child_ratio_low,info,ratio=0.0397
25015784B2,low_16_child_ratio_low,info,ratio=0.0196
25015798B2,low_16_child_ratio_low,info,ratio=0.0278
25015867B2,low_16_child_ratio_low,info,ratio=0.0347
25016027B,low_16_child_ratio_low,info,ratio=0.0174
25016031B2,low_16_child_ratio_low,info,ratio=0.0042
25016827B2,low_16_child_ratio_low,info,ratio=0.0072
25017341B3,low_16_child_ratio_low,info,ratio=0.0252
25017342B2,low_16_child_ratio_low,info,ratio=0.0150
25017355B4,low_16_child_ratio_low,info,ratio=0.0211
25017499B,low_16_child_ratio_low,info,ratio=0.0238
25017500B,low_16_child_ratio_low,info,ratio=0.0556
25017592B3,low_16_child_ratio_low,info,ratio=0.0619
25017730B2,low_16_child_ratio_low,info,ratio=0.0196
25017739B2,low_16_child_ratio_low,info,ratio=0.0107
25017923B,low_16_child_ratio_low,info,ratio=0.0420
25017930B,low_16_child_ratio_low,info,ratio=0.0348
25018478B2,low_16_child_ratio_low,info,ratio=0.0087
25018956B3,low_16_child_ratio_low,info,ratio=0.0185
25019094B8,low_16_child_ratio_low,info,ratio=0.0151
25019273B,low_16_child_ratio_low,info,ratio=0.0106
25019294B1,low_16_child_ratio_low,info,ratio=0.0286
25019294B2,low_16_child_ratio_low,info,ratio=0.0263
25019335B6,low_16_child_ratio_low,info,ratio=0.0267
25019339B2,low_16_child_ratio_low,info,ratio=0.0132
25019339B3,low_16_child_ratio_low,info,ratio=0.0284
25019474B2,low_16_child_ratio_low,info,ratio=0.0080
25019503B,low_16_child_ratio_low,info,ratio=0.0183
25019629B2,low_16_child_ratio_low,info,ratio=0.0301
25019675B2,low_16_child_ratio_low,info,ratio=0.0233
25019705B2,low_16_child_ratio_low,info,ratio=0.0145
25020232B,low_16_child_ratio_low,info,ratio=0.0176
25020353B2,low_16_child_ratio_low,info,ratio=0.0532
25020556B4,low_16_child_ratio_low,info,ratio=0.0066
25020714B4,low_16_child_ratio_low,info,ratio=0.0206
25020799B3,low_16_child_ratio_low,info,ratio=0.0247
25020799B5,low_16_child_ratio_low,info,ratio=0.0106
25021196B2,low_16_child_ratio_low,info,ratio=0.0333
25021277B3,low_16_child_ratio_low,info,ratio=0.0579
25021277B4,low_16_child_ratio_low,info,ratio=0.0225
25021421B2,low_16_child_ratio_low,info,ratio=0.0089
25021487B,low_16_child_ratio_low,info,ratio=0.0125
25021555B2,low_16_child_ratio_low,info,ratio=0.0179
25021558B2,low_16_child_ratio_low,info,ratio=0.0253
25021665B2,low_16_child_ratio_low,info,ratio=0.0479
25021665B2,high_parent_coverage_low,warning,ratio=0.8950
25021665B3,low_16_child_ratio_low,info,ratio=0.0207
25021672B,low_16_child_ratio_low,info,ratio=0.0000
25021735B5,low_16_child_ratio_low,info,ratio=0.0513
25021890B4,low_16_child_ratio_low,info,ratio=0.0189
25021890B6,low_16_child_ratio_low,info,ratio=0.0246
25021922B2,low_16_child_ratio_low,info,ratio=0.0142
25022013B,low_16_child_ratio_low,info,ratio=0.0355
25022344B2,low_16_child_ratio_low,info,ratio=0.0048
25022458B2,low_16_child_ratio_low,info,ratio=0.0092
25022584B2,low_16_child_ratio_low,info,ratio=0.0429
25022584B3,low_16_child_ratio_low,info,ratio=0.0750
25022613B2,low_16_child_ratio_low,info,ratio=0.0522
25023174B2,low_16_child_ratio_low,info,ratio=0.0500
25023327B3,low_16_child_ratio_low,info,ratio=0.1053
25023687B3,low_16_child_ratio_low,info,ratio=0.0227
25023687B4,low_16_child_ratio_low,info,ratio=0.0156
25023828B,low_16_child_ratio_low,info,ratio=0.0195
25023846B4,low_16_child_ratio_low,info,ratio=0.0000
25023935B2,low_16_child_ratio_low,info,ratio=0.0231
25023961B2,low_16_child_ratio_low,info,ratio=0.0408
25023961B2,high_parent_coverage_low,warning,ratio=0.8939
25023972B3,low_16_child_ratio_low,info,ratio=0.0487
25024254B2,low_16_child_ratio_low,info,ratio=0.1037
25024254B2,high_parent_coverage_low,warning,ratio=0.8398
25024433B2,low_16_child_ratio_low,info,ratio=0.0395
25024695B2,low_16_child_ratio_low,info,ratio=0.0161
25024765B2,low_16_child_ratio_low,info,ratio=0.0107
25024855B4,low_16_child_ratio_low,info,ratio=0.0318
25024875B2,low_16_child_ratio_low,info,ratio=0.0132
25024982B1,low_16_child_ratio_low,info,ratio=0.0289
25025076B,low_16_child_ratio_low,info,ratio=0.0111
25025087B,low_16_child_ratio_low,info,ratio=0.0412
25025097B,low_16_child_ratio_low,info,ratio=0.0192
25025291B,low_16_child_ratio_low,info,ratio=0.0000
25025293B2,low_16_child_ratio_low,info,ratio=0.0443
25025567B4,low_16_child_ratio_low,info,ratio=0.0381
25025569B,low_16_child_ratio_low,info,ratio=0.0000
25025616B,low_16_child_ratio_low,info,ratio=0.0441
25025951B,low_16_child_ratio_low,info,ratio=0.0000
25025954B3,low_16_child_ratio_low,info,ratio=0.0500
25025975B2,low_16_child_ratio_low,info,ratio=0.0519
25026103B2,low_16_child_ratio_low,info,ratio=0.0047
25026144B2,low_16_child_ratio_low,info,ratio=0.0142
25026144B3,low_16_child_ratio_low,info,ratio=0.0317
25026285B2,low_16_child_ratio_low,info,ratio=0.0027
25026294B3,low_16_child_ratio_low,info,ratio=0.0120
25026499B3,low_16_child_ratio_low,info,ratio=0.0270
25026509B,low_16_child_ratio_low,info,ratio=0.0347
25026752B,low_16_child_ratio_low,info,ratio=0.0338
25026782B3,low_16_child_ratio_low,info,ratio=0.0195
25026797B2,low_16_child_ratio_low,info,ratio=0.0789
25026797B2,high_parent_coverage_low,warning,ratio=0.8942
25027131B2,low_16_child_ratio_low,info,ratio=0.0508
25027181B2,low_16_child_ratio_low,info,ratio=0.0370
25027181B3,low_16_child_ratio_low,info,ratio=0.0378
25027181B4,low_16_child_ratio_low,info,ratio=0.0123
25027181B5,low_16_child_ratio_low,info,ratio=0.0285
25027181B6,low_16_child_ratio_low,info,ratio=0.0069
25027193B,low_16_child_ratio_low,info,ratio=0.0203
2490980B,low_16_child_ratio_low,info,ratio=0.0102
2491552B,low_16_child_ratio_low,info,ratio=0.0427
2491579B,low_16_child_ratio_low,info,ratio=0.0223
25002379B2,low_16_child_ratio_low,info,ratio=0.0056
25002510B2,low_16_child_ratio_low,info,ratio=0.0432
25009557B,low_16_child_ratio_low,info,ratio=0.0065
25027606B3,low_16_child_ratio_low,info,ratio=0.0395
25027636B2,low_16_child_ratio_low,info,ratio=0.0116
25027718B2,low_16_child_ratio_low,info,ratio=0.0042
25027723B4,low_16_child_ratio_low,info,ratio=0.0081
25027770B,low_16_child_ratio_low,info,ratio=0.0138
25028010B2,low_16_child_ratio_low,info,ratio=0.0139
25028010B2a,low_16_child_ratio_low,info,ratio=0.0379
25028010B3,low_16_child_ratio_low,info,ratio=0.0502
25028014B4,low_16_child_ratio_low,info,ratio=0.0240
25028014B5,low_16_child_ratio_low,info,ratio=0.0395
25028014B6,low_16_child_ratio_low,info,ratio=0.0988
25028014B7,low_16_child_ratio_low,info,ratio=0.0515
25028134B,low_16_child_ratio_low,info,ratio=0.0138
25028147B3,low_16_child_ratio_low,info,ratio=0.0290
25028151B2,low_16_child_ratio_low,info,ratio=0.0169
25028151B3,low_16_child_ratio_low,info,ratio=0.0141
25028186B2,low_16_child_ratio_low,info,ratio=0.0140
25028210B2,low_16_child_ratio_low,info,ratio=0.0376
25028514B,low_16_child_ratio_low,info,ratio=0.0234
25028520B3,low_16_child_ratio_low,info,ratio=0.0000
25028738B2,low_16_child_ratio_low,info,ratio=0.0094
25028862B2,low_16_child_ratio_low,info,ratio=0.0106
25028868B2,low_16_child_ratio_low,info,ratio=0.0250
25028879B3,low_16_child_ratio_low,info,ratio=0.0247
25028885B2,low_16_child_ratio_low,info,ratio=0.0040
25029134B,low_16_child_ratio_low,info,ratio=0.0112
25029179B,low_16_child_ratio_low,info,ratio=0.0169
25029425B2,low_16_child_ratio_low,info,ratio=0.0214
25029425B3,low_16_child_ratio_low,info,ratio=0.0206
25029425B,low_16_child_ratio_low,info,ratio=0.0166
25029560B2,low_16_child_ratio_low,info,ratio=0.0238
25029565B5,low_16_child_ratio_low,info,ratio=0.0658
25029737B2,low_16_child_ratio_low,info,ratio=0.0293
25029906B2,low_16_child_ratio_low,info,ratio=0.0227
25030118B2,low_16_child_ratio_low,info,ratio=0.0000
25030157B3,low_16_child_ratio_low,info,ratio=0.0323
25030157B4,low_16_child_ratio_low,info,ratio=0.0187
25030334B2,low_16_child_ratio_low,info,ratio=0.0307
25030619B2,low_16_child_ratio_low,info,ratio=0.0471
25030630B,low_16_child_ratio_low,info,ratio=0.0164
25030750B2,low_16_child_ratio_low,info,ratio=0.0119
25030988B4,low_16_child_ratio_low,info,ratio=0.0278
25030998B2,low_16_child_ratio_low,info,ratio=0.0177
25031267B2,low_16_child_ratio_low,info,ratio=0.0309
25031271B2,low_16_child_ratio_low,info,ratio=0.0210
25031281B2,low_16_child_ratio_low,info,ratio=0.0104
25031302B,low_16_child_ratio_low,info,ratio=0.0122
25031385B4,low_16_child_ratio_low,info,ratio=0.0108
25031387B2,low_16_child_ratio_low,info,ratio=0.0143
25031411B3,low_16_child_ratio_low,info,ratio=0.0222
25031706B,low_16_child_ratio_low,info,ratio=0.0278
25031706B2,low_16_child_ratio_low,info,ratio=0.0272
25032143B2,low_16_child_ratio_low,info,ratio=0.0211
25032143B3,low_16_child_ratio_low,info,ratio=0.0317
25032146B2,low_16_child_ratio_low,info,ratio=0.1500
25032179B3,low_16_child_ratio_low,info,ratio=0.0638
25032245B2,low_16_child_ratio_low,info,ratio=0.0323
25032360B2,low_16_child_ratio_low,info,ratio=0.0265
25032626B2,low_16_child_ratio_low,info,ratio=0.0063
25032788B4,low_16_child_ratio_low,info,ratio=0.0333
25032789B2,low_16_child_ratio_low,info,ratio=0.0079
25033169B1,low_16_child_ratio_low,info,ratio=0.0119
25033178B4,low_16_child_ratio_low,info,ratio=0.0272
25033211B,low_16_child_ratio_low,info,ratio=0.0138
25033447B4,low_16_child_ratio_low,info,ratio=0.0667
25033447B4,high_parent_coverage_low,warning,ratio=0.8833
25033482B2,low_16_child_ratio_low,info,ratio=0.0297
25033486B,low_16_child_ratio_low,info,ratio=0.0142
25033894B2,low_16_child_ratio_low,info,ratio=0.0449
25034245B2,low_16_child_ratio_low,info,ratio=0.0230
25034327B2,low_16_child_ratio_low,info,ratio=0.0238
25034929B2,low_16_child_ratio_low,info,ratio=0.0146
25034940B9,low_16_child_ratio_low,info,ratio=0.0299
25034940B8,low_16_child_ratio_low,info,ratio=0.0300
25034940B10,low_16_child_ratio_low,info,ratio=0.0160
25034940B11,low_16_child_ratio_low,info,ratio=0.0319
25034940B12,low_16_child_ratio_low,info,ratio=0.0636
25035354B,low_16_child_ratio_low,info,ratio=0.0261
25035354B2,low_16_child_ratio_low,info,ratio=0.0709
25035354B3,low_16_child_ratio_low,info,ratio=0.0249
25035882B3,low_16_child_ratio_low,info,ratio=0.0292
25035882B4,low_16_child_ratio_low,info,ratio=0.0526
25036226B4,low_16_child_ratio_low,info,ratio=0.0041
25036333B3,low_16_child_ratio_low,info,ratio=0.0508
25036340B1,low_16_child_ratio_low,info,ratio=0.0495
25036341B,low_16_child_ratio_low,info,ratio=0.0130
25036634B2,low_16_child_ratio_low,info,ratio=0.0408
25041732B,low_16_child_ratio_low,info,ratio=0.0158
25041763B,low_16_child_ratio_low,info,ratio=0.0297
25042220B2,low_16_child_ratio_low,info,ratio=0.0365
25042465B3,low_16_child_ratio_low,info,ratio=0.0102
25042830B2,low_16_child_ratio_low,info,ratio=0.0064
25043126B2,low_16_child_ratio_low,info,ratio=0.0357
25043600B3,low_16_child_ratio_low,info,ratio=0.0196
25044694B,low_16_child_ratio_low,info,ratio=0.0172
25045403B,low_16_child_ratio_low,info,ratio=0.0135
25045403B-1,low_16_child_ratio_low,info,ratio=0.0482
25045403B2,low_16_child_ratio_low,info,ratio=0.0380
25045450B2,low_16_child_ratio_low,info,ratio=0.0208
25045450B5,low_16_child_ratio_low,info,ratio=0.0108
25045625B3,low_16_child_ratio_low,info,ratio=0.0260
25045625B1,low_16_child_ratio_low,info,ratio=0.0261
25045625B2,low_16_child_ratio_low,info,ratio=0.0086
25045676B4,low_16_child_ratio_low,info,ratio=0.0082
25045801B2,low_16_child_ratio_low,info,ratio=0.0662
25045801B1,low_16_child_ratio_low,info,ratio=0.0000
25045807B4,low_16_child_ratio_low,info,ratio=0.0400
25045829B2,low_16_child_ratio_low,info,ratio=0.0101
25045839B,low_16_child_ratio_low,info,ratio=0.0125
25046521B3,low_16_child_ratio_low,info,ratio=0.0123
25046631B2,low_16_child_ratio_low,info,ratio=0.0333
25046855B,low_16_child_ratio_low,info,ratio=0.0088
25047066B,low_16_child_ratio_low,info,ratio=0.0361
25047067B2,low_16_child_ratio_low,info,ratio=0.0155
25047077B2,low_16_child_ratio_low,info,ratio=0.0053
25047088B,low_16_child_ratio_low,info,ratio=0.0741
25047401B2,low_16_child_ratio_low,info,ratio=0.0191
25047538B2,low_16_child_ratio_low,info,ratio=0.0082
25047815B,low_16_child_ratio_low,info,ratio=0.0542
25047835B3,low_16_child_ratio_low,info,ratio=0.0532
25047844B2,low_16_child_ratio_low,info,ratio=0.0504
25047972B2,low_16_child_ratio_low,info,ratio=0.0142
25048256B2,low_16_child_ratio_low,info,ratio=0.0292
25048633B2,low_16_child_ratio_low,info,ratio=0.0052
25048669B2,low_16_child_ratio_low,info,ratio=0.0202
25049669B3,low_16_child_ratio_low,info,ratio=0.0139
25049966B2,low_16_child_ratio_low,info,ratio=0.0152
25049999B2,low_16_child_ratio_low,info,ratio=0.0149
25050326B,low_16_child_ratio_low,info,ratio=0.0317
25050345B2,low_16_child_ratio_low,info,ratio=0.0227
25050415B2,low_16_child_ratio_low,info,ratio=0.0191
25050830B2,low_16_child_ratio_low,info,ratio=0.0120
25050862B2,low_16_child_ratio_low,info,ratio=0.0071
25050888B2,low_16_child_ratio_low,info,ratio=0.0278
25050888B3,low_16_child_ratio_low,info,ratio=0.0247
25050984B2,low_16_child_ratio_low,info,ratio=0.0123
25051008B4,low_16_child_ratio_low,info,ratio=0.0196
25051207B5,low_16_child_ratio_low,info,ratio=0.0286
25052288B,low_16_child_ratio_low,info,ratio=0.0625
25052316B,low_16_child_ratio_low,info,ratio=0.0333
25052654B2,low_16_child_ratio_low,info,ratio=0.0725
25052654B2,high_parent_coverage_low,warning,ratio=0.8743
25053425B2,low_16_child_ratio_low,info,ratio=0.0171
25053683B2,low_16_child_ratio_low,info,ratio=0.0043
25054130B1,low_16_child_ratio_low,info,ratio=0.0326
25054130B2,low_16_child_ratio_low,info,ratio=0.0000
25054212B,low_16_child_ratio_low,info,ratio=0.0352
25054489B3,low_16_child_ratio_low,info,ratio=0.0455
25054693B2,low_16_child_ratio_low,info,ratio=0.0149
25055380B2,low_16_child_ratio_low,info,ratio=0.0094
25055681B2,low_16_child_ratio_low,info,ratio=0.0144
25055778B2,low_16_child_ratio_low,info,ratio=0.0319
25055784B2,low_16_child_ratio_low,info,ratio=0.0197
25055857B2,low_16_child_ratio_low,info,ratio=0.0349
25057854B3,low_16_child_ratio_low,info,ratio=0.0294
25057856B2,low_16_child_ratio_low,info,ratio=0.0131
25057858B2,low_16_child_ratio_low,info,ratio=0.0189
25057865B1,low_16_child_ratio_low,info,ratio=0.0097
25058118B3,low_16_child_ratio_low,info,ratio=0.0729
25058118B4,low_16_child_ratio_low,info,ratio=0.0364
25058627B2,low_16_child_ratio_low,info,ratio=0.0239
25058713B2,low_16_child_ratio_low,info,ratio=0.0160
25058746B4,low_16_child_ratio_low,info,ratio=0.0055
25059470B2,low_16_child_ratio_low,info,ratio=0.0208
25059686B2,low_16_child_ratio_low,info,ratio=0.0172
25060539B2,low_16_child_ratio_low,info,ratio=0.0068
25061727B2,low_16_child_ratio_low,info,ratio=0.0106
25062444B,low_16_child_ratio_low,info,ratio=0.0052
25062891B4,low_16_child_ratio_low,info,ratio=0.0545
25062891B4,high_parent_coverage_low,warning,ratio=0.8754
25063228B5,low_16_child_ratio_low,info,ratio=0.0198
25063371B2,low_16_child_ratio_low,info,ratio=0.0464
25063642B,low_16_child_ratio_low,info,ratio=0.0076
25063642B2,low_16_child_ratio_low,info,ratio=0.0286
25063676B,low_16_child_ratio_low,info,ratio=0.0000
25063676B2,low_16_child_ratio_low,info,ratio=0.0109
25063700B,low_16_child_ratio_low,info,ratio=0.0000
