slide_id,scale,patch_count,padding_bucket,count,fraction
2460239-B2,5x,187,<=5%,185,0.9893048128342246
2460239-B2,5x,187,>50%,2,0.0106951871657754
2460239-B2,20x,2592,<=5%,2579,0.9949845679012346
2460239-B2,20x,2592,>50%,13,0.005015432098765432
2460242-B2,5x,426,<=5%,426,1.0
2460242-B2,20x,6128,<=5%,6128,1.0
2460399-B2,5x,285,<=5%,285,1.0
2460399-B2,20x,4103,<=5%,4103,1.0
2460404-B3,5x,308,5-10%,2,0.006493506493506494
2460404-B3,5x,308,<=5%,304,0.987012987012987
2460404-B3,5x,308,25-50%,2,0.006493506493506494
2460404-B3,20x,4243,<=5%,4237,0.9985859061984445
2460404-B3,20x,4243,10-25%,6,0.0014140938015555031
2460405-B2,5x,128,<=5%,128,1.0
2460405-B2,20x,1742,<=5%,1742,1.0
2460591-B2,5x,253,<=5%,253,1.0
2460591-B2,20x,3248,<=5%,3248,1.0
2460602-B,5x,252,<=5%,251,0.996031746031746
2460602-B,5x,252,>50%,1,0.003968253968253968
2460602-B,20x,3707,<=5%,3705,0.9994604801726463
2460602-B,20x,3707,25-50%,2,0.0005395198273536552
2460628-B2,5x,190,<=5%,190,1.0
2460628-B2,20x,2668,<=5%,2668,1.0
2460641-B2,5x,242,<=5%,242,1.0
2460641-B2,20x,3511,<=5%,3511,1.0
2460643-B,5x,182,<=5%,182,1.0
2460643-B,20x,2656,<=5%,2656,1.0
2460753-B2,5x,201,<=5%,199,0.9900497512437811
2460753-B2,5x,201,>50%,2,0.009950248756218905
2460753-B2,20x,2859,<=5%,2850,0.9968520461699895
2460753-B2,20x,2859,>50%,9,0.0031479538300104933
2460770-B2,5x,181,<=5%,181,1.0
2460770-B2,20x,2521,<=5%,2521,1.0
2460949-B3,5x,200,<=5%,200,1.0
2460949-B3,20x,2813,<=5%,2813,1.0
2460960-B,5x,343,<=5%,343,1.0
2460960-B,20x,4901,<=5%,4896,0.998979800040808
2460960-B,20x,4901,10-25%,5,0.0010201999591920017
2460974-B2,5x,234,<=5%,234,1.0
2460974-B2,20x,3353,<=5%,3353,1.0
2461002-B2,5x,135,<=5%,135,1.0
2461002-B2,20x,1733,<=5%,1733,1.0
2461487-B2,5x,232,<=5%,231,0.9956896551724138
2461487-B2,5x,232,10-25%,1,0.004310344827586207
2461487-B2,20x,3195,<=5%,3193,0.9993740219092332
2461487-B2,20x,3195,25-50%,2,0.0006259780907668231
2461671-B2,5x,328,<=5%,328,1.0
2461671-B2,20x,4887,<=5%,4887,1.0
2461672-B2,5x,212,<=5%,208,0.9811320754716981
2461672-B2,5x,212,25-50%,4,0.018867924528301886
2461672-B2,20x,2880,<=5%,2880,1.0
2461677-B2,5x,60,<=5%,60,1.0
2461677-B2,20x,812,<=5%,812,1.0
2461698-B,5x,239,<=5%,239,1.0
2461698-B,20x,3447,<=5%,3447,1.0
2461700-B2,5x,74,<=5%,74,1.0
2461700-B2,20x,996,<=5%,996,1.0
2461703-B3,5x,253,<=5%,253,1.0
2461703-B3,20x,3694,<=5%,3694,1.0
2461718-B3,5x,82,<=5%,82,1.0
2461718-B3,20x,1067,<=5%,1067,1.0
2461755-B3,5x,247,<=5%,247,1.0
2461755-B3,20x,3325,<=5%,3325,1.0
2461836-B2,5x,144,<=5%,142,0.9861111111111112
2461836-B2,5x,144,>50%,2,0.013888888888888888
2461836-B2,20x,1998,<=5%,1991,0.9964964964964965
2461836-B2,20x,1998,>50%,5,0.0025025025025025025
2461836-B2,20x,1998,10-25%,2,0.001001001001001001
2461857-B2,5x,159,<=5%,159,1.0
2461857-B2,20x,2091,<=5%,2091,1.0
2461861-B2,5x,62,<=5%,62,1.0
2461861-B2,20x,890,<=5%,890,1.0
2462123-B2,5x,122,<=5%,122,1.0
2462123-B2,20x,1715,<=5%,1715,1.0
2462170-B4,5x,117,<=5%,117,1.0
2462170-B4,20x,1562,<=5%,1562,1.0
2462290-B2,5x,286,<=5%,286,1.0
2462290-B2,20x,4236,<=5%,4236,1.0
2462293-B3,5x,127,<=5%,127,1.0
2462293-B3,20x,1781,<=5%,1781,1.0
2462478-B2,5x,152,<=5%,149,0.9802631578947368
2462478-B2,5x,152,>50%,2,0.013157894736842105
2462478-B2,5x,152,25-50%,1,0.006578947368421052
2462478-B2,20x,2029,<=5%,2025,0.9980285855101035
2462478-B2,20x,2029,25-50%,4,0.001971414489896501
2462483-B,5x,85,<=5%,85,1.0
2462483-B,20x,1108,<=5%,1108,1.0
2462598-B,5x,195,<=5%,195,1.0
2462598-B,20x,2744,<=5%,2744,1.0
2462614-B3,5x,225,<=5%,225,1.0
2462614-B3,20x,3283,<=5%,3269,0.9957356076759062
2462614-B3,20x,3283,25-50%,6,0.0018275967103259215
2462614-B3,20x,3283,>50%,8,0.0024367956137678953
2462637-B2,5x,277,<=5%,277,1.0
2462637-B2,20x,3864,<=5%,3864,1.0
2462830-B2,5x,103,<=5%,103,1.0
2462830-B2,20x,1417,<=5%,1417,1.0
2462830-B4,5x,210,<=5%,210,1.0
2462830-B4,20x,3080,<=5%,3080,1.0
2462840-B5,5x,286,<=5%,286,1.0
2462840-B5,20x,4219,<=5%,4219,1.0
2462885-B2,5x,272,<=5%,272,1.0
2462885-B2,20x,3661,<=5%,3661,1.0
2462920-B3,5x,273,<=5%,273,1.0
2462920-B3,20x,3827,<=5%,3827,1.0
2462921-B,5x,311,<=5%,311,1.0
2462921-B,20x,4466,<=5%,4466,1.0
2462987-B2,5x,139,<=5%,139,1.0
2462987-B2,20x,2010,<=5%,2010,1.0
2463126-B2,5x,144,<=5%,144,1.0
2463126-B2,20x,2101,<=5%,2101,1.0
2463127-B3,5x,261,<=5%,261,1.0
2463127-B3,20x,3791,<=5%,3791,1.0
2463135-B,5x,307,<=5%,307,1.0
2463135-B,20x,4547,<=5%,4547,1.0
2463187-B2,5x,110,<=5%,110,1.0
2463187-B2,20x,1511,<=5%,1511,1.0
2463351-B4,5x,175,<=5%,175,1.0
2463351-B4,20x,2436,<=5%,2436,1.0
2463370-B2,5x,192,<=5%,192,1.0
2463370-B2,20x,2726,<=5%,2726,1.0
2463379-B4,5x,153,<=5%,153,1.0
2463379-B4,20x,2079,<=5%,2079,1.0
2463404-B2,5x,217,<=5%,212,0.9769585253456221
2463404-B2,5x,217,>50%,3,0.013824884792626729
2463404-B2,5x,217,25-50%,2,0.009216589861751152
2463404-B2,20x,2935,<=5%,2923,0.9959114139693356
2463404-B2,20x,2935,25-50%,9,0.0030664395229982964
2463404-B2,20x,2935,>50%,3,0.0010221465076660989
2463643-B,5x,241,<=5%,241,1.0
2463643-B,20x,3440,<=5%,3431,0.9973837209302325
2463643-B,20x,3440,>50%,9,0.002616279069767442
2463647-B2,5x,204,<=5%,204,1.0
2463647-B2,20x,2934,<=5%,2934,1.0
2463656-B2,5x,157,<=5%,157,1.0
2463656-B2,20x,2076,<=5%,2076,1.0
2463720-B7,5x,207,<=5%,207,1.0
2463720-B7,20x,3024,<=5%,3024,1.0
2464404-B5,5x,207,<=5%,207,1.0
2464404-B5,20x,2935,<=5%,2935,1.0
2464438-B5,5x,98,<=5%,98,1.0
2464438-B5,20x,1244,<=5%,1244,1.0
2464443-B,5x,254,<=5%,254,1.0
2464443-B,20x,3687,<=5%,3687,1.0
2464548-B,5x,337,<=5%,337,1.0
2464548-B,20x,4999,<=5%,4999,1.0
2464690-B2,5x,244,<=5%,244,1.0
2464690-B2,20x,3451,<=5%,3451,1.0
2464812-B3,5x,254,<=5%,252,0.9921259842519685
2464812-B3,5x,254,25-50%,2,0.007874015748031496
2464812-B3,20x,3682,<=5%,3682,1.0
2464817-B,5x,265,<=5%,265,1.0
2464817-B,20x,3919,<=5%,3919,1.0
2464879-B2,5x,268,<=5%,268,1.0
2464879-B2,20x,3955,<=5%,3955,1.0
2464929-B,5x,291,<=5%,291,1.0
2464929-B,20x,4295,<=5%,4295,1.0
2464943-B2,5x,323,<=5%,323,1.0
2464943-B2,20x,4501,<=5%,4490,0.9975560986447456
2464943-B2,20x,4501,10-25%,11,0.002443901355254388
2465202-B3,5x,269,<=5%,264,0.9814126394052045
2465202-B3,5x,269,10-25%,5,0.01858736059479554
2465202-B3,20x,3876,<=5%,3876,1.0
2465243-B2,5x,348,<=5%,348,1.0
2465243-B2,20x,5204,<=5%,5204,1.0
2465263-B2,5x,163,<=5%,163,1.0
2465263-B2,20x,2322,<=5%,2322,1.0
2465339-B2,5x,427,<=5%,423,0.990632318501171
2465339-B2,5x,427,25-50%,4,0.00936768149882904
2465339-B2,20x,6254,<=5%,6254,1.0
2465367-B3,5x,125,<=5%,125,1.0
2465367-B3,20x,1600,<=5%,1600,1.0
2465396-B2,5x,165,<=5%,165,1.0
2465396-B2,20x,2463,<=5%,2450,0.9947218838814454
2465396-B2,20x,2463,25-50%,4,0.0016240357287860333
2465396-B2,20x,2463,>50%,9,0.0036540803897685747
2465397-B,5x,157,<=5%,157,1.0
2465397-B,20x,2289,<=5%,2289,1.0
2465568-B2,5x,188,<=5%,188,1.0
2465568-B2,20x,2648,<=5%,2648,1.0
2465608-B2,5x,259,<=5%,259,1.0
2465608-B2,20x,3741,<=5%,3741,1.0
2465625-B,5x,172,<=5%,172,1.0
2465625-B,20x,2395,<=5%,2395,1.0
2465636-B,5x,230,<=5%,230,1.0
2465636-B,20x,3335,<=5%,3335,1.0
2465639-B2,5x,137,<=5%,137,1.0
2465639-B2,20x,1782,<=5%,1782,1.0
2465643-B3,5x,251,<=5%,251,1.0
2465643-B3,20x,3735,<=5%,3735,1.0
2465661-B2,5x,189,<=5%,189,1.0
2465661-B2,20x,2618,<=5%,2618,1.0
2465795-B4,5x,293,<=5%,289,0.9863481228668942
2465795-B4,5x,293,25-50%,4,0.013651877133105802
2465795-B4,20x,4156,<=5%,4142,0.9966313763233878
2465795-B4,20x,4156,>50%,14,0.003368623676612127
2465827-B5,5x,211,<=5%,211,1.0
2465827-B5,20x,3054,<=5%,3054,1.0
2465843-B2,5x,269,<=5%,269,1.0
2465843-B2,20x,3656,<=5%,3656,1.0
2465989-B2,5x,205,<=5%,205,1.0
2465989-B2,20x,2922,<=5%,2922,1.0
2466152-B2,5x,155,<=5%,155,1.0
2466152-B2,20x,2250,<=5%,2250,1.0
2466159-B2,5x,234,<=5%,234,1.0
2466159-B2,20x,3385,<=5%,3385,1.0
2466264-B2,5x,188,<=5%,183,0.973404255319149
2466264-B2,5x,188,>50%,2,0.010638297872340425
2466264-B2,5x,188,10-25%,3,0.015957446808510637
2466264-B2,20x,2653,<=5%,2651,0.9992461364493027
2466264-B2,20x,2653,5-10%,2,0.0007538635506973238
2466285-B,5x,154,<=5%,154,1.0
2466285-B,20x,2263,<=5%,2263,1.0
2466580-B5,5x,102,<=5%,102,1.0
2466580-B5,20x,1408,<=5%,1408,1.0
2466581-B1,5x,300,<=5%,300,1.0
2466581-B1,20x,4444,<=5%,4444,1.0
2466581-B2,5x,175,<=5%,175,1.0
2466581-B2,20x,2334,<=5%,2334,1.0
2466584-B,5x,206,<=5%,206,1.0
2466584-B,20x,2916,<=5%,2916,1.0
2466703-B4,5x,73,<=5%,73,1.0
2466703-B4,20x,992,<=5%,992,1.0
2466718-B,5x,317,<=5%,317,1.0
2466718-B,20x,4685,<=5%,4682,0.9993596584845251
2466718-B,20x,4685,>50%,2,0.00042689434364994664
2466718-B,20x,4685,25-50%,1,0.00021344717182497332
2466866-B,5x,206,<=5%,206,1.0
2466866-B,20x,2678,<=5%,2678,1.0
2466881-B2,5x,212,<=5%,212,1.0
2466881-B2,20x,2895,<=5%,2895,1.0
2466884-B2,5x,136,<=5%,136,1.0
2466884-B2,20x,1821,<=5%,1821,1.0
2466891-B2,5x,435,<=5%,433,0.9954022988505747
2466891-B2,5x,435,>50%,1,0.0022988505747126436
2466891-B2,5x,435,10-25%,1,0.0022988505747126436
2466891-B2,20x,6508,<=5%,6508,1.0
2466893-B2,5x,192,25-50%,3,0.015625
2466893-B2,5x,192,>50%,2,0.010416666666666666
2466893-B2,5x,192,<=5%,187,0.9739583333333334
2466893-B2,20x,2822,<=5%,2820,0.9992912827781715
2466893-B2,20x,2822,10-25%,2,0.0007087172218284905
2466898-B2,5x,276,<=5%,274,0.9927536231884058
2466898-B2,5x,276,10-25%,2,0.007246376811594203
2466898-B2,20x,4081,<=5%,4077,0.9990198480764518
2466898-B2,20x,4081,>50%,2,0.000490075961774075
2466898-B2,20x,4081,25-50%,2,0.000490075961774075
2466899-B2,5x,218,<=5%,214,0.981651376146789
2466899-B2,5x,218,25-50%,2,0.009174311926605505
2466899-B2,5x,218,10-25%,2,0.009174311926605505
2466899-B2,20x,2867,<=5%,2867,1.0
2466923-B2,5x,115,<=5%,115,1.0
2466923-B2,20x,1560,<=5%,1560,1.0
2468105-B2,5x,299,<=5%,299,1.0
2468105-B2,20x,4143,<=5%,4143,1.0
2468321-B2,5x,141,<=5%,141,1.0
2468321-B2,20x,1885,<=5%,1885,1.0
2468325-B,5x,167,<=5%,167,1.0
2468325-B,20x,2302,<=5%,2302,1.0
2468417-B2,5x,184,<=5%,184,1.0
2468417-B2,20x,2528,<=5%,2528,1.0
2468419-B2,5x,316,<=5%,313,0.990506329113924
2468419-B2,5x,316,>50%,1,0.0031645569620253164
2468419-B2,5x,316,25-50%,2,0.006329113924050633
2468419-B2,20x,4617,<=5%,4613,0.9991336365605371
2468419-B2,20x,4617,25-50%,2,0.00043318171973142733
2468419-B2,20x,4617,>50%,2,0.00043318171973142733
2468419-B3,5x,249,<=5%,248,0.9959839357429718
2468419-B3,5x,249,25-50%,1,0.004016064257028112
2468419-B3,20x,3633,<=5%,3633,1.0
2468442-B2,5x,396,<=5%,396,1.0
2468442-B2,20x,5816,<=5%,5815,0.999828060522696
2468442-B2,20x,5816,5-10%,1,0.000171939477303989
2468450-B2,5x,183,<=5%,183,1.0
2468450-B2,20x,2583,<=5%,2583,1.0
2468673-B2,5x,158,<=5%,157,0.9936708860759493
2468673-B2,5x,158,>50%,1,0.006329113924050633
2468673-B2,20x,2236,<=5%,2228,0.9964221824686941
2468673-B2,20x,2236,>50%,8,0.0035778175313059034
2468698-B2,5x,276,<=5%,276,1.0
2468698-B2,20x,3932,<=5%,3932,1.0
2468720-B2,5x,244,<=5%,244,1.0
2468720-B2,20x,3495,<=5%,3495,1.0
2468796-B3,5x,295,<=5%,295,1.0
2468796-B3,20x,4342,<=5%,4342,1.0
2468954-B2,5x,107,<=5%,107,1.0
2468954-B2,20x,1402,<=5%,1402,1.0
2469004-B2,5x,173,<=5%,173,1.0
2469004-B2,20x,2188,<=5%,2188,1.0
2469005-B2,5x,238,<=5%,238,1.0
2469005-B2,20x,3361,<=5%,3361,1.0
2469007-B2,5x,157,<=5%,157,1.0
2469007-B2,20x,2149,<=5%,2149,1.0
2469019-B2,5x,257,<=5%,257,1.0
2469019-B2,20x,3594,<=5%,3594,1.0
2469023-B2,5x,173,<=5%,173,1.0
2469023-B2,20x,2504,<=5%,2504,1.0
2469023-B4,5x,173,<=5%,173,1.0
2469023-B4,20x,2349,<=5%,2349,1.0
2469024-B,5x,115,<=5%,115,1.0
2469024-B,20x,1556,<=5%,1556,1.0
2469029-B2,5x,162,<=5%,162,1.0
2469029-B2,20x,2168,<=5%,2168,1.0
2469033-B2,5x,79,<=5%,79,1.0
2469033-B2,20x,1058,<=5%,1058,1.0
2469047-B2,5x,212,>50%,2,0.009433962264150943
2469047-B2,5x,212,<=5%,210,0.9905660377358491
2469047-B2,20x,3009,<=5%,3003,0.9980059820538385
2469047-B2,20x,3009,25-50%,6,0.0019940179461615153
2469072-B2,5x,203,<=5%,203,1.0
2469072-B2,20x,2721,<=5%,2721,1.0
2469074-B2,5x,104,<=5%,104,1.0
2469074-B2,20x,1517,<=5%,1517,1.0
2469110-B3,5x,189,<=5%,189,1.0
2469110-B3,20x,2706,<=5%,2706,1.0
2469230-B,5x,319,<=5%,319,1.0
2469230-B,20x,4468,<=5%,4468,1.0
2469256-B2,5x,195,<=5%,195,1.0
2469256-B2,20x,2709,<=5%,2709,1.0
2469260-B3,5x,201,<=5%,201,1.0
2469260-B3,20x,3062,<=5%,3062,1.0
2469496-B,5x,264,<=5%,263,0.9962121212121212
2469496-B,5x,264,25-50%,1,0.003787878787878788
2469496-B,20x,3630,<=5%,3628,0.9994490358126722
2469496-B,20x,3630,5-10%,2,0.0005509641873278236
2469505-B2,5x,252,<=5%,252,1.0
2469505-B2,20x,3503,<=5%,3503,1.0
2469515-B2,5x,83,<=5%,83,1.0
2469515-B2,20x,1046,<=5%,1046,1.0
2469569-B2,5x,67,<=5%,67,1.0
2469569-B2,20x,877,<=5%,877,1.0
2469661-B,5x,94,<=5%,94,1.0
2469661-B,20x,1184,<=5%,1184,1.0
2469693-B,5x,340,<=5%,340,1.0
2469693-B,20x,4975,<=5%,4975,1.0
2469849-B2,5x,178,<=5%,178,1.0
2469849-B2,20x,2512,<=5%,2512,1.0
2469916-B2,5x,225,<=5%,221,0.9822222222222222
2469916-B2,5x,225,5-10%,4,0.017777777777777778
2469916-B2,20x,2967,<=5%,2961,0.9979777553083923
2469916-B2,20x,2967,25-50%,6,0.0020222446916076846
2469927-B2,5x,196,<=5%,194,0.9897959183673469
2469927-B2,5x,196,10-25%,2,0.01020408163265306
2469927-B2,20x,2593,<=5%,2593,1.0
2469963-B2,5x,275,<=5%,275,1.0
2469963-B2,20x,4073,<=5%,4073,1.0
2469965-B2,5x,302,<=5%,302,1.0
2469965-B2,20x,4290,<=5%,4290,1.0
2469969-B2,5x,176,<=5%,176,1.0
2469969-B2,20x,2451,<=5%,2451,1.0
2470260-B,5x,287,<=5%,287,1.0
2470260-B,20x,4280,<=5%,4280,1.0
2470270-B2,5x,176,<=5%,176,1.0
2470270-B2,20x,2510,<=5%,2510,1.0
2470405-B2,5x,253,<=5%,253,1.0
2470405-B2,20x,3708,<=5%,3708,1.0
2470647-B2,5x,318,<=5%,316,0.9937106918238994
2470647-B2,5x,318,>50%,2,0.006289308176100629
2470647-B2,20x,4267,<=5%,4258,0.9978907897820483
2470647-B2,20x,4267,10-25%,9,0.0021092102179517225
2470657-B3,5x,472,<=5%,472,1.0
2470657-B3,20x,7128,<=5%,7111,0.9976150392817059
2470657-B3,20x,7128,>50%,17,0.0023849607182940516
2471072-B2,5x,263,<=5%,263,1.0
2471072-B2,20x,3844,<=5%,3844,1.0
2471237-B2,5x,463,<=5%,463,1.0
2471237-B2,20x,6815,<=5%,6815,1.0
2471442-B3,5x,261,<=5%,261,1.0
2471442-B3,20x,3765,<=5%,3763,0.999468791500664
2471442-B3,20x,3765,10-25%,2,0.0005312084993359894
2471452-B2,5x,132,<=5%,132,1.0
2471452-B2,20x,1772,<=5%,1772,1.0
2471595-B3,5x,321,<=5%,315,0.9813084112149533
2471595-B3,5x,321,10-25%,6,0.018691588785046728
2471595-B3,20x,4641,<=5%,4623,0.9961215255332903
2471595-B3,20x,4641,>50%,18,0.003878474466709761
2471618-B3,5x,258,<=5%,258,1.0
2471618-B3,20x,3840,<=5%,3840,1.0
2471884-B2,5x,140,<=5%,140,1.0
2471884-B2,20x,1810,<=5%,1810,1.0
2471885-B2,5x,128,<=5%,128,1.0
2471885-B2,20x,1739,<=5%,1731,0.9953996549741231
2471885-B2,20x,1739,25-50%,8,0.004600345025876941
2471887-B,5x,223,<=5%,223,1.0
2471887-B,20x,3135,<=5%,3135,1.0
2471921-B2,5x,196,<=5%,196,1.0
2471921-B2,20x,2810,<=5%,2810,1.0
2471957-B,5x,85,<=5%,85,1.0
2471957-B,20x,1104,<=5%,1104,1.0
2471959-B2,5x,167,<=5%,167,1.0
2471959-B2,20x,2280,<=5%,2280,1.0
2471963-B,5x,280,<=5%,280,1.0
2471963-B,20x,3985,<=5%,3985,1.0
2472316-B7,5x,46,<=5%,46,1.0
2472316-B7,20x,609,<=5%,609,1.0
2472453-B2,5x,84,<=5%,84,1.0
2472453-B2,20x,1089,<=5%,1089,1.0
2472465-B2,5x,249,<=5%,249,1.0
2472465-B2,20x,3586,<=5%,3586,1.0
2472471-B2,5x,190,<=5%,190,1.0
2472471-B2,20x,2694,<=5%,2694,1.0
2472481-B2,5x,155,<=5%,155,1.0
2472481-B2,20x,2139,<=5%,2139,1.0
2472500-B2,5x,141,<=5%,141,1.0
2472500-B2,20x,1962,<=5%,1962,1.0
2472505-B,5x,112,<=5%,112,1.0
2472505-B,20x,1592,<=5%,1592,1.0
2472509-B4,5x,245,<=5%,245,1.0
2472509-B4,20x,3499,<=5%,3499,1.0
2472509-B6,5x,461,<=5%,461,1.0
2472509-B6,20x,6909,<=5%,6905,0.9994210450137502
2472509-B6,20x,6909,5-10%,4,0.000578954986249819
2473212-B4,5x,187,<=5%,187,1.0
2473212-B4,20x,2489,<=5%,2489,1.0
2473218-B2,5x,321,<=5%,317,0.9875389408099688
2473218-B2,5x,321,5-10%,4,0.012461059190031152
2473218-B2,20x,4586,<=5%,4575,0.997601395551679
2473218-B2,20x,4586,25-50%,11,0.002398604448320977
2473218-B3,5x,255,<=5%,255,1.0
2473218-B3,20x,3592,<=5%,3592,1.0
2473228-B2,5x,188,<=5%,188,1.0
2473228-B2,20x,2583,<=5%,2583,1.0
2473266-B,5x,201,<=5%,201,1.0
2473266-B,20x,2728,<=5%,2728,1.0
2473272-B3,5x,247,<=5%,247,1.0
2473272-B3,20x,3338,<=5%,3325,0.9961054523666867
2473272-B3,20x,3338,25-50%,13,0.0038945476333133613
2473366-B2,5x,228,<=5%,228,1.0
2473366-B2,20x,3002,<=5%,2996,0.9980013324450366
2473366-B2,20x,3002,>50%,6,0.001998667554963358
2473394-B2,5x,295,<=5%,295,1.0
2473394-B2,20x,4135,<=5%,4135,1.0
2473534-B2,5x,228,<=5%,228,1.0
2473534-B2,20x,3213,<=5%,3213,1.0
2473545-B2,5x,422,<=5%,421,0.9976303317535545
2473545-B2,5x,422,10-25%,1,0.002369668246445498
2473545-B2,20x,6025,<=5%,6025,1.0
2473545-B3,5x,248,<=5%,248,1.0
2473545-B3,20x,3653,<=5%,3653,1.0
2473549-B,5x,234,<=5%,234,1.0
2473549-B,20x,3285,<=5%,3285,1.0
2473600-B3,5x,321,<=5%,321,1.0
2473600-B3,20x,4559,<=5%,4559,1.0
2473608-B2,5x,299,<=5%,299,1.0
2473608-B2,20x,4453,<=5%,4453,1.0
2473621-B3,5x,158,<=5%,158,1.0
2473621-B3,20x,2107,<=5%,2107,1.0
2473623-B2,5x,73,<=5%,73,1.0
2473623-B2,20x,947,<=5%,947,1.0
2473738-B3,5x,264,<=5%,264,1.0
2473738-B3,20x,3919,<=5%,3919,1.0
2474124-B2,5x,209,<=5%,209,1.0
2474124-B2,20x,3104,<=5%,3104,1.0
2474140-B3,5x,227,<=5%,227,1.0
2474140-B3,20x,3068,<=5%,3068,1.0
2474150-B3,5x,220,<=5%,220,1.0
2474150-B3,20x,3180,<=5%,3180,1.0
2474188-B2,5x,317,<=5%,317,1.0
2474188-B2,20x,4656,<=5%,4656,1.0
2474189-B7,5x,61,<=5%,61,1.0
2474189-B7,20x,844,<=5%,844,1.0
2474291-B2,5x,316,<=5%,315,0.9968354430379747
2474291-B2,5x,316,10-25%,1,0.0031645569620253164
2474291-B2,20x,4662,<=5%,4661,0.9997854997854998
2474291-B2,20x,4662,25-50%,1,0.0002145002145002145
2474337-B3,5x,301,<=5%,301,1.0
2474337-B3,20x,4367,<=5%,4367,1.0
2474500-B2,5x,257,<=5%,257,1.0
2474500-B2,20x,3784,<=5%,3784,1.0
2474612-B2,5x,268,<=5%,268,1.0
2474612-B2,20x,3923,<=5%,3923,1.0
2474626-B2,5x,212,<=5%,212,1.0
2474626-B2,20x,3019,<=5%,3019,1.0
2474631-B3,5x,293,<=5%,293,1.0
2474631-B3,20x,4105,<=5%,4105,1.0
2474638-B3,5x,155,<=5%,155,1.0
2474638-B3,20x,2249,<=5%,2249,1.0
2474704-B2,5x,144,<=5%,144,1.0
2474704-B2,20x,2111,<=5%,2111,1.0
2474718-B4,5x,154,<=5%,154,1.0
2474718-B4,20x,2123,<=5%,2123,1.0
2474721-B,5x,309,<=5%,309,1.0
2474721-B,20x,4548,<=5%,4548,1.0
2474739-B2,5x,315,<=5%,315,1.0
2474739-B2,20x,4727,<=5%,4727,1.0
2474901-B,5x,250,<=5%,250,1.0
2474901-B,20x,3626,<=5%,3624,0.9994484280198566
2474901-B,20x,3626,10-25%,2,0.0005515719801434088
2475011-B2,5x,183,<=5%,183,1.0
2475011-B2,20x,2646,<=5%,2646,1.0
2475022-B,5x,224,<=5%,224,1.0
2475022-B,20x,3274,<=5%,3268,0.998167379352474
2475022-B,20x,3274,25-50%,6,0.0018326206475259622
2475126-B2,5x,231,<=5%,231,1.0
2475126-B2,20x,3334,<=5%,3334,1.0
2475159-B,5x,178,<=5%,178,1.0
2475159-B,20x,2588,<=5%,2588,1.0
2475184-B2,5x,243,<=5%,243,1.0
2475184-B2,20x,3242,<=5%,3242,1.0
2475349-B2,5x,132,<=5%,132,1.0
2475349-B2,20x,1861,<=5%,1857,0.9978506179473401
2475349-B2,20x,1861,25-50%,4,0.0021493820526598604
2476242-B2,5x,240,<=5%,237,0.9875
2476242-B2,5x,240,25-50%,3,0.0125
2476242-B2,20x,3500,<=5%,3493,0.998
2476242-B2,20x,3500,>50%,7,0.002
2476250-B2,5x,79,<=5%,79,1.0
2476250-B2,20x,1047,<=5%,1047,1.0
2476252-B2,5x,120,<=5%,120,1.0
2476252-B2,20x,1594,<=5%,1594,1.0
2476295-B3,5x,249,<=5%,247,0.9919678714859438
2476295-B3,5x,249,5-10%,2,0.008032128514056224
2476295-B3,20x,3732,<=5%,3729,0.9991961414790996
2476295-B3,20x,3732,10-25%,2,0.0005359056806002144
2476295-B3,20x,3732,25-50%,1,0.0002679528403001072
2476358-B2,5x,212,<=5%,212,1.0
2476358-B2,20x,3078,<=5%,3078,1.0
2476376-B2,5x,262,<=5%,262,1.0
2476376-B2,20x,3675,<=5%,3675,1.0
2476391-B2,5x,154,<=5%,154,1.0
2476391-B2,20x,2214,<=5%,2214,1.0
2476681-B2,5x,172,<=5%,172,1.0
2476681-B2,20x,2291,<=5%,2291,1.0
2476750-B,5x,320,<=5%,320,1.0
2476750-B,20x,4596,<=5%,4596,1.0
2476834-B3,5x,303,<=5%,289,0.9537953795379538
2476834-B3,5x,303,>50%,14,0.0462046204620462
2476834-B3,20x,4328,<=5%,4266,0.9856746765249538
2476834-B3,20x,4328,25-50%,9,0.0020794824399260627
2476834-B3,20x,4328,10-25%,53,0.012245841035120148
2476856-B2,5x,260,<=5%,258,0.9923076923076923
2476856-B2,5x,260,25-50%,1,0.0038461538461538464
2476856-B2,5x,260,10-25%,1,0.0038461538461538464
2476856-B2,20x,3535,<=5%,3535,1.0
2476983-B,5x,181,<=5%,181,1.0
2476983-B,20x,2273,<=5%,2273,1.0
2476984-B2,5x,79,<=5%,79,1.0
2476984-B2,20x,1070,<=5%,1070,1.0
2477039-B,5x,247,<=5%,247,1.0
2477039-B,20x,3531,<=5%,3531,1.0
2477053-B3,5x,396,<=5%,396,1.0
2477053-B3,20x,5849,<=5%,5849,1.0
2477058-B2,5x,224,<=5%,224,1.0
2477058-B2,20x,3382,<=5%,3382,1.0
2477118-B3,5x,221,<=5%,221,1.0
2477118-B3,20x,3195,<=5%,3195,1.0
2477118-B4,5x,167,<=5%,167,1.0
2477118-B4,20x,2364,<=5%,2364,1.0
2477189-B2,5x,291,<=5%,291,1.0
2477189-B2,20x,4316,<=5%,4316,1.0
2477189-B3,5x,129,<=5%,129,1.0
2477189-B3,20x,1775,<=5%,1775,1.0
2477274-B3,5x,127,<=5%,127,1.0
2477274-B3,20x,1675,<=5%,1675,1.0
2477285-B2,5x,221,<=5%,221,1.0
2477285-B2,20x,3146,<=5%,3146,1.0
2477299-B2,5x,396,<=5%,396,1.0
2477299-B2,20x,5990,<=5%,5990,1.0
2477473-B2,5x,280,<=5%,280,1.0
2477473-B2,20x,4199,<=5%,4197,0.9995236961181234
2477473-B2,20x,4199,25-50%,2,0.0004763038818766373
2477476-B2,5x,313,<=5%,313,1.0
2477476-B2,20x,4584,<=5%,4584,1.0
2477541-B2,5x,141,25-50%,2,0.014184397163120567
2477541-B2,5x,141,<=5%,138,0.9787234042553191
2477541-B2,5x,141,>50%,1,0.0070921985815602835
2477541-B2,20x,1847,<=5%,1847,1.0
2477577-B3,5x,254,<=5%,254,1.0
2477577-B3,20x,3569,<=5%,3569,1.0
2477668-B3,5x,316,<=5%,316,1.0
2477668-B3,20x,4604,<=5%,4604,1.0
2477670-B2,5x,262,<=5%,260,0.9923664122137404
2477670-B2,5x,262,5-10%,2,0.007633587786259542
2477670-B2,20x,3685,<=5%,3682,0.9991858887381275
2477670-B2,20x,3685,10-25%,1,0.000271370420624152
2477670-B2,20x,3685,>50%,2,0.000542740841248304
2477695-B2,5x,305,<=5%,305,1.0
2477695-B2,20x,4519,<=5%,4519,1.0
2477809-B3,5x,202,<=5%,202,1.0
2477809-B3,20x,3004,<=5%,3004,1.0
2477814-B5,5x,143,<=5%,143,1.0
2477814-B5,20x,2119,<=5%,2119,1.0
2477941-B2,5x,272,<=5%,272,1.0
2477941-B2,20x,3942,<=5%,3941,0.9997463216641299
2477941-B2,20x,3942,5-10%,1,0.0002536783358701167
2477949-B2,5x,188,<=5%,188,1.0
2477949-B2,20x,2718,<=5%,2718,1.0
2477977-B3,5x,192,<=5%,192,1.0
2477977-B3,20x,2568,<=5%,2568,1.0
2478091-B4,5x,273,<=5%,273,1.0
2478091-B4,20x,4055,<=5%,4055,1.0
2481696-B4,5x,181,<=5%,181,1.0
2481696-B4,20x,2513,<=5%,2513,1.0
2481703-B2,5x,237,<=5%,237,1.0
2481703-B2,20x,3370,<=5%,3370,1.0
2481723-B2,5x,214,<=5%,214,1.0
2481723-B2,20x,3045,<=5%,3045,1.0
2481750-B2,5x,248,<=5%,246,0.9919354838709677
2481750-B2,5x,248,25-50%,2,0.008064516129032258
2481750-B2,20x,3545,<=5%,3545,1.0
2482055-B2,5x,332,<=5%,332,1.0
2482055-B2,20x,4895,<=5%,4895,1.0
2482056-B4,5x,223,10-25%,1,0.004484304932735426
2482056-B4,5x,223,>50%,2,0.008968609865470852
2482056-B4,5x,223,<=5%,218,0.9775784753363229
2482056-B4,5x,223,25-50%,2,0.008968609865470852
2482056-B4,20x,3063,<=5%,3053,0.9967352269017303
2482056-B4,20x,3063,25-50%,9,0.002938295788442703
2482056-B4,20x,3063,>50%,1,0.000326477309826967
2482056-B9,5x,187,<=5%,187,1.0
2482056-B9,20x,2621,<=5%,2621,1.0
2482461-B2,5x,266,<=5%,266,1.0
2482461-B2,20x,3947,<=5%,3939,0.9979731441601216
2482461-B2,20x,3947,10-25%,8,0.0020268558398783888
2482483-B2,5x,339,<=5%,339,1.0
2482483-B2,20x,4942,<=5%,4942,1.0
2482607-B,5x,251,<=5%,245,0.9760956175298805
2482607-B,5x,251,>50%,3,0.01195219123505976
2482607-B,5x,251,25-50%,3,0.01195219123505976
2482607-B,20x,3517,<=5%,3516,0.9997156667614444
2482607-B,20x,3517,10-25%,1,0.0002843332385555871
2482886-B2,5x,299,<=5%,299,1.0
2482886-B2,20x,4097,<=5%,4097,1.0
2482896-B2,5x,143,<=5%,143,1.0
2482896-B2,20x,1878,10-25%,8,0.004259850905218318
2482896-B2,20x,1878,<=5%,1870,0.9957401490947817
2482947-B2,5x,148,<=5%,148,1.0
2482947-B2,20x,2208,<=5%,2208,1.0
2482952-B2,5x,235,<=5%,235,1.0
2482952-B2,20x,3325,<=5%,3325,1.0
2482956-B,5x,100,25-50%,2,0.02
2482956-B,5x,100,>50%,1,0.01
2482956-B,5x,100,<=5%,97,0.97
2482956-B,20x,1329,<=5%,1326,0.9977426636568849
2482956-B,20x,1329,>50%,3,0.002257336343115124
2482957-B2,5x,143,<=5%,143,1.0
2482957-B2,20x,2109,<=5%,2109,1.0
2482962-B2,5x,105,<=5%,105,1.0
2482962-B2,20x,1333,<=5%,1333,1.0
2482964-B2,5x,475,<=5%,475,1.0
2482964-B2,20x,6988,<=5%,6988,1.0
2482969-B,5x,302,<=5%,300,0.9933774834437086
2482969-B,5x,302,>50%,1,0.0033112582781456954
2482969-B,5x,302,25-50%,1,0.0033112582781456954
2482969-B,20x,4318,<=5%,4316,0.999536822603057
2482969-B,20x,4318,5-10%,2,0.0004631773969430292
2482992-B,5x,236,<=5%,236,1.0
2482992-B,20x,3302,<=5%,3302,1.0
2483014-B4,5x,281,<=5%,281,1.0
2483014-B4,20x,3930,<=5%,3930,1.0
2483055-B2,5x,270,<=5%,269,0.9962962962962963
2483055-B2,5x,270,>50%,1,0.003703703703703704
2483055-B2,20x,3762,<=5%,3761,0.9997341839447103
2483055-B2,20x,3762,25-50%,1,0.0002658160552897395
2483211-B2,5x,288,<=5%,285,0.9895833333333334
2483211-B2,5x,288,>50%,3,0.010416666666666666
2483211-B2,20x,4031,<=5%,4012,0.9952865293971719
2483211-B2,20x,4031,>50%,5,0.0012403870007442323
2483211-B2,20x,4031,10-25%,14,0.0034730836020838503
2483215-B5,5x,228,<=5%,228,1.0
2483215-B5,20x,3269,<=5%,3269,1.0
2483215-B6,5x,315,<=5%,315,1.0
2483215-B6,20x,4686,<=5%,4686,1.0
2483220-B1,5x,286,<=5%,281,0.9825174825174825
2483220-B1,5x,286,>50%,2,0.006993006993006993
2483220-B1,5x,286,25-50%,3,0.01048951048951049
2483220-B1,20x,3900,<=5%,3892,0.997948717948718
2483220-B1,20x,3900,25-50%,8,0.0020512820512820513
2483363-B3,5x,349,<=5%,349,1.0
2483363-B3,20x,5012,<=5%,5012,1.0
2483768-B4,5x,148,<=5%,145,0.9797297297297297
2483768-B4,5x,148,10-25%,3,0.02027027027027027
2483768-B4,20x,1903,<=5%,1900,0.9984235417761429
2483768-B4,20x,1903,25-50%,3,0.0015764582238570678
2483846-B,5x,194,>50%,2,0.010309278350515464
2483846-B,5x,194,25-50%,1,0.005154639175257732
2483846-B,5x,194,<=5%,189,0.9742268041237113
2483846-B,5x,194,10-25%,2,0.010309278350515464
2483846-B,20x,2766,<=5%,2765,0.9996384671005062
2483846-B,20x,2766,25-50%,1,0.00036153289949385393
2483862-B2,5x,198,<=5%,198,1.0
2483862-B2,20x,2674,<=5%,2674,1.0
2483868-B4,5x,244,<=5%,244,1.0
2483868-B4,20x,3630,<=5%,3630,1.0
2483961-B3,5x,190,<=5%,190,1.0
2483961-B3,20x,2652,<=5%,2652,1.0
2483973-B1,5x,300,<=5%,294,0.98
2483973-B1,5x,300,>50%,6,0.02
2483973-B1,20x,4402,<=5%,4384,0.995910949568378
2483973-B1,20x,4402,>50%,9,0.002044525215810995
2483973-B1,20x,4402,10-25%,9,0.002044525215810995
2483993-B2,5x,228,<=5%,223,0.9780701754385965
2483993-B2,5x,228,25-50%,1,0.0043859649122807015
2483993-B2,5x,228,5-10%,4,0.017543859649122806
2483993-B2,20x,3420,<=5%,3406,0.995906432748538
2483993-B2,20x,3420,>50%,5,0.0014619883040935672
2483993-B2,20x,3420,25-50%,9,0.002631578947368421
2484004-B2,5x,309,<=5%,303,0.9805825242718447
2484004-B2,5x,309,25-50%,3,0.009708737864077669
2484004-B2,5x,309,10-25%,3,0.009708737864077669
2484004-B2,20x,4442,<=5%,4439,0.9993246285457001
2484004-B2,20x,4442,10-25%,3,0.0006753714542998649
2484209-B2,5x,393,<=5%,393,1.0
2484209-B2,20x,5862,<=5%,5862,1.0
2484220-B3,5x,378,<=5%,378,1.0
2484220-B3,20x,5652,<=5%,5652,1.0
2484228-B,5x,467,<=5%,466,0.9978586723768736
2484228-B,5x,467,>50%,1,0.0021413276231263384
2484228-B,20x,6897,<=5%,6895,0.9997100188487749
2484228-B,20x,6897,25-50%,2,0.0002899811512251704
2484301-B2,5x,254,<=5%,252,0.9921259842519685
2484301-B2,5x,254,>50%,2,0.007874015748031496
2484301-B2,20x,3770,<=5%,3763,0.9981432360742706
2484301-B2,20x,3770,>50%,7,0.001856763925729443
2484312-B2,5x,305,<=5%,305,1.0
2484312-B2,20x,4562,<=5%,4562,1.0
2484463-B2,5x,219,<=5%,219,1.0
2484463-B2,20x,3250,<=5%,3250,1.0
2484633-B2,5x,153,<=5%,153,1.0
2484633-B2,20x,2125,<=5%,2125,1.0
2484727-B2,5x,145,<=5%,145,1.0
2484727-B2,20x,2090,<=5%,2090,1.0
2484734-B4,5x,190,>50%,2,0.010526315789473684
2484734-B4,5x,190,<=5%,188,0.9894736842105263
2484734-B4,20x,2582,<=5%,2582,1.0
2484734-B5,5x,97,<=5%,97,1.0
2484734-B5,20x,1369,<=5%,1369,1.0
2484743-B4,5x,120,<=5%,120,1.0
2484743-B4,20x,1729,<=5%,1729,1.0
2484771-B3,5x,95,<=5%,95,1.0
2484771-B3,20x,1210,<=5%,1210,1.0
2484791-B3,5x,79,<=5%,79,1.0
2484791-B3,20x,1067,<=5%,1067,1.0
2484883-B2,5x,258,<=5%,258,1.0
2484883-B2,20x,3583,<=5%,3583,1.0
2485059-B2,5x,265,<=5%,265,1.0
2485059-B2,20x,3915,<=5%,3915,1.0
2485259-B6,5x,174,<=5%,174,1.0
2485259-B6,20x,2328,<=5%,2328,1.0
2485275-B2,5x,320,<=5%,320,1.0
2485275-B2,20x,4591,<=5%,4591,1.0
2485303-B2,5x,247,<=5%,247,1.0
2485303-B2,20x,3388,<=5%,3388,1.0
2485318-B2,5x,116,<=5%,116,1.0
2485318-B2,20x,1626,<=5%,1626,1.0
2485322-B2,5x,95,<=5%,95,1.0
2485322-B2,20x,1214,<=5%,1214,1.0
2485328-B2,5x,191,<=5%,191,1.0
2485328-B2,20x,2630,<=5%,2630,1.0
2485517-B2,5x,84,<=5%,84,1.0
2485517-B2,20x,1068,<=5%,1068,1.0
2485635-B2,5x,253,<=5%,253,1.0
2485635-B2,20x,3774,<=5%,3774,1.0
2485803-B2,5x,519,<=5%,519,1.0
2485803-B2,20x,7752,<=5%,7752,1.0
2485805-B,5x,362,<=5%,362,1.0
2485805-B,20x,5106,<=5%,5106,1.0
2485969-B2,5x,403,<=5%,398,0.9875930521091811
2485969-B2,5x,403,5-10%,5,0.01240694789081886
2485969-B2,20x,5798,<=5%,5784,0.9975853742669886
2485969-B2,20x,5798,25-50%,14,0.002414625733011383
2486100-B,5x,280,<=5%,280,1.0
2486100-B,20x,4110,<=5%,4110,1.0
2486104-B1,5x,111,<=5%,111,1.0
2486104-B1,20x,1420,<=5%,1420,1.0
2486104-B2,5x,111,<=5%,111,1.0
2486104-B2,20x,1527,<=5%,1527,1.0
2486165-B2,5x,247,<=5%,247,1.0
2486165-B2,20x,3554,<=5%,3554,1.0
2486191-B,5x,252,<=5%,252,1.0
2486191-B,20x,3667,<=5%,3667,1.0
2486197-B2,5x,256,<=5%,256,1.0
2486197-B2,20x,3655,<=5%,3655,1.0
2486262-B4,5x,141,<=5%,141,1.0
2486262-B4,20x,2018,<=5%,2018,1.0
2486653-B2,5x,244,<=5%,244,1.0
2486653-B2,20x,3569,<=5%,3569,1.0
2486653-B3,5x,318,<=5%,318,1.0
2486653-B3,20x,4719,<=5%,4719,1.0
2486687-B3,5x,211,<=5%,211,1.0
2486687-B3,20x,3060,<=5%,3060,1.0
2486812-B2,5x,294,<=5%,294,1.0
2486812-B2,20x,4161,<=5%,4161,1.0
2486813-B2,5x,108,<=5%,108,1.0
2486813-B2,20x,1446,<=5%,1446,1.0
2486833-B2,5x,154,<=5%,154,1.0
2486833-B2,20x,2205,<=5%,2205,1.0
2486845-B2,5x,154,<=5%,154,1.0
2486845-B2,20x,2100,<=5%,2100,1.0
2486859-B2,5x,60,<=5%,60,1.0
2486859-B2,20x,944,<=5%,944,1.0
2487140-B2,5x,140,<=5%,140,1.0
2487140-B2,20x,1907,<=5%,1907,1.0
2487143-B,5x,204,<=5%,204,1.0
2487143-B,20x,2900,<=5%,2900,1.0
2487146-B2,5x,156,<=5%,156,1.0
2487146-B2,20x,2196,<=5%,2196,1.0
2487237-B2,5x,191,<=5%,191,1.0
2487237-B2,20x,2685,<=5%,2685,1.0
2487246-B2,5x,90,<=5%,90,1.0
2487246-B2,20x,1227,<=5%,1227,1.0
2487274-B2,5x,197,<=5%,197,1.0
2487274-B2,20x,2764,<=5%,2764,1.0
2487376-B2,5x,344,<=5%,344,1.0
2487376-B2,20x,5115,<=5%,5115,1.0
2487388-B2,5x,239,<=5%,239,1.0
2487388-B2,20x,3526,<=5%,3526,1.0
2487558-B2,5x,137,<=5%,137,1.0
2487558-B2,20x,1895,<=5%,1895,1.0
2487651-B,5x,160,<=5%,160,1.0
2487651-B,20x,2295,<=5%,2295,1.0
2487656-B4,5x,196,<=5%,196,1.0
2487656-B4,20x,2661,<=5%,2661,1.0
2487664-B2,5x,126,<=5%,126,1.0
2487664-B2,20x,1748,<=5%,1748,1.0
2487896-B2,5x,198,<=5%,195,0.9848484848484849
2487896-B2,5x,198,>50%,1,0.005050505050505051
2487896-B2,5x,198,25-50%,2,0.010101010101010102
2487896-B2,20x,2495,<=5%,2495,1.0
2487935-B2,5x,236,<=5%,236,1.0
2487935-B2,20x,3434,<=5%,3417,0.995049504950495
2487935-B2,20x,3434,>50%,9,0.0026208503203261502
2487935-B2,20x,3434,10-25%,8,0.0023296447291788003
2487941-B2,5x,126,<=5%,126,1.0
2487941-B2,20x,1654,<=5%,1654,1.0
2488039-B2,5x,232,<=5%,232,1.0
2488039-B2,20x,3196,<=5%,3196,1.0
2488044-B2,5x,298,<=5%,298,1.0
2488044-B2,20x,4181,<=5%,4181,1.0
2488044-B3,5x,283,<=5%,283,1.0
2488044-B3,20x,3998,<=5%,3998,1.0
2488050-B3,5x,243,<=5%,243,1.0
2488050-B3,20x,3528,<=5%,3528,1.0
2488065-B3,5x,162,<=5%,162,1.0
2488065-B3,20x,2276,<=5%,2276,1.0
2488320-B3,5x,121,<=5%,121,1.0
2488320-B3,20x,1703,<=5%,1700,0.9982384028185555
2488320-B3,20x,1703,25-50%,3,0.0017615971814445098
2488330-B2,5x,277,<=5%,277,1.0
2488330-B2,20x,4011,<=5%,4011,1.0
2488344-B2,5x,143,<=5%,143,1.0
2488344-B2,20x,2098,<=5%,2098,1.0
2488369-B2,5x,367,<=5%,367,1.0
2488369-B2,20x,5365,<=5%,5365,1.0
2488475-B2,5x,138,<=5%,138,1.0
2488475-B2,20x,1880,<=5%,1880,1.0
2488477-B2,5x,159,<=5%,159,1.0
2488477-B2,20x,2259,<=5%,2259,1.0
2488767-B,5x,478,<=5%,478,1.0
2488767-B,20x,7110,<=5%,7080,0.9957805907172996
2488767-B,20x,7110,25-50%,29,0.004078762306610408
2488767-B,20x,7110,>50%,1,0.00014064697609001407
2488769-B2,5x,161,<=5%,161,1.0
2488769-B2,20x,2229,<=5%,2229,1.0
2488806-B2,5x,311,<=5%,311,1.0
2488806-B2,20x,4653,<=5%,4653,1.0
2488916-B2,5x,463,<=5%,462,0.9978401727861771
2488916-B2,5x,463,5-10%,1,0.0021598272138228943
2488916-B2,20x,6989,<=5%,6989,1.0
2488932-B4,5x,377,<=5%,377,1.0
2488932-B4,20x,5478,<=5%,5478,1.0
2489131-B3,5x,55,<=5%,55,1.0
2489131-B3,20x,803,<=5%,803,1.0
2489137-B4,5x,358,<=5%,358,1.0
2489137-B4,20x,5205,<=5%,5205,1.0
2489182-B2,5x,275,<=5%,274,0.9963636363636363
2489182-B2,5x,275,25-50%,1,0.0036363636363636364
2489182-B2,20x,3726,<=5%,3726,1.0
2489203-B,5x,388,<=5%,386,0.9948453608247423
2489203-B,5x,388,>50%,2,0.005154639175257732
2489203-B,20x,5588,<=5%,5585,0.9994631352899069
2489203-B,20x,5588,25-50%,3,0.0005368647100930566
2489331-B2,5x,221,<=5%,221,1.0
2489331-B2,20x,3091,<=5%,3072,0.9938531219670009
2489331-B2,20x,3091,>50%,9,0.0029116790682626984
2489331-B2,20x,3091,10-25%,10,0.003235198964736331
25012148B4,5x,280,<=5%,280,1.0
25012148B4,20x,4023,<=5%,4023,1.0
25012153B2,5x,216,<=5%,216,1.0
25012153B2,20x,3047,<=5%,3047,1.0
25012170B4,5x,202,<=5%,202,1.0
25012170B4,20x,2651,<=5%,2651,1.0
25012170B5,5x,271,<=5%,271,1.0
25012170B5,20x,3902,<=5%,3902,1.0
25012175B4,5x,122,<=5%,122,1.0
25012175B4,20x,1586,<=5%,1586,1.0
25012253B3,5x,101,<=5%,101,1.0
25012253B3,20x,1418,<=5%,1418,1.0
25012485B2,5x,293,<=5%,291,0.9931740614334471
25012485B2,5x,293,25-50%,1,0.0034129692832764505
25012485B2,5x,293,10-25%,1,0.0034129692832764505
25012485B2,20x,4287,<=5%,4285,0.9995334732913459
25012485B2,20x,4287,25-50%,2,0.00046652670865407047
25012628B2,5x,173,<=5%,173,1.0
25012628B2,20x,2487,<=5%,2487,1.0
25012760B2,5x,429,<=5%,429,1.0
25012760B2,20x,6463,<=5%,6463,1.0
25012785B2,5x,349,<=5%,348,0.997134670487106
25012785B2,5x,349,25-50%,1,0.0028653295128939827
25012785B2,20x,4855,<=5%,4855,1.0
25012915B2,5x,308,<=5%,308,1.0
25012915B2,20x,4380,<=5%,4380,1.0
25012919B8,5x,210,<=5%,206,0.9809523809523809
25012919B8,5x,210,>50%,2,0.009523809523809525
25012919B8,5x,210,25-50%,2,0.009523809523809525
25012919B8,20x,3023,<=5%,3017,0.99801521667218
25012919B8,20x,3023,25-50%,6,0.0019847833278200462
25012919B9,5x,235,<=5%,235,1.0
25012919B9,20x,3360,<=5%,3360,1.0
25013023B2,5x,352,<=5%,349,0.9914772727272727
25013023B2,5x,352,5-10%,2,0.005681818181818182
25013023B2,5x,352,10-25%,1,0.002840909090909091
25013023B2,20x,5101,<=5%,5098,0.9994118800235248
25013023B2,20x,5101,10-25%,3,0.000588119976475201
25013062B3,5x,143,<=5%,143,1.0
25013062B3,20x,2113,<=5%,2113,1.0
25013162B2,5x,177,<=5%,177,1.0
25013162B2,20x,2510,<=5%,2510,1.0
25013189B2,5x,251,<=5%,251,1.0
25013189B2,20x,3510,<=5%,3510,1.0
25013189B3,5x,250,<=5%,250,1.0
25013189B3,20x,3468,<=5%,3468,1.0
25013352B2,5x,445,<=5%,434,0.9752808988764045
25013352B2,5x,445,10-25%,5,0.011235955056179775
25013352B2,5x,445,25-50%,6,0.01348314606741573
25013352B2,20x,6447,<=5%,6438,0.9986040018613308
25013352B2,20x,6447,>50%,9,0.0013959981386691485
25013465B2,5x,347,<=5%,347,1.0
25013465B2,20x,5209,<=5%,5208,0.9998080245728547
25013465B2,20x,5209,10-25%,1,0.0001919754271453254
25013871B6,5x,359,>50%,2,0.005571030640668524
25013871B6,5x,359,<=5%,357,0.9944289693593314
25013871B6,20x,5249,<=5%,5241,0.9984759001714613
25013871B6,20x,5249,>50%,8,0.0015240998285387694
25013878B2,5x,265,<=5%,265,1.0
25013878B2,20x,3613,<=5%,3613,1.0
25014124B2,5x,352,<=5%,352,1.0
25014124B2,20x,5133,<=5%,5133,1.0
25014160B2,5x,168,<=5%,163,0.9702380952380952
25014160B2,5x,168,25-50%,5,0.02976190476190476
25014160B2,20x,2297,<=5%,2295,0.9991292990857641
25014160B2,20x,2297,10-25%,2,0.0008707009142359599
25014217B2,5x,46,<=5%,46,1.0
25014217B2,20x,571,<=5%,571,1.0
25014217B3,5x,125,<=5%,125,1.0
25014217B3,20x,1679,<=5%,1679,1.0
25014226B2,5x,236,<=5%,236,1.0
25014226B2,20x,3314,<=5%,3314,1.0
25014265B2,5x,199,<=5%,199,1.0
25014265B2,20x,2711,<=5%,2711,1.0
25014268B,5x,172,<=5%,172,1.0
25014268B,20x,2332,<=5%,2332,1.0
25014311B2,5x,132,<=5%,132,1.0
25014311B2,20x,1752,<=5%,1752,1.0
25014318B,5x,125,<=5%,125,1.0
25014318B,20x,1708,<=5%,1708,1.0
25014684B,5x,400,<=5%,399,0.9975
25014684B,5x,400,25-50%,1,0.0025
25014684B,20x,5744,<=5%,5744,1.0
25015070B2,5x,218,<=5%,218,1.0
25015070B2,20x,3053,<=5%,3053,1.0
25015087B2,5x,225,<=5%,225,1.0
25015087B2,20x,3171,<=5%,3171,1.0
25015101B2,5x,205,<=5%,205,1.0
25015101B2,20x,2961,<=5%,2961,1.0
25015103B2,5x,134,<=5%,134,1.0
25015103B2,20x,1841,<=5%,1841,1.0
25015190B2,5x,241,<=5%,241,1.0
25015190B2,20x,3479,<=5%,3479,1.0
25015204B2,5x,272,<=5%,271,0.9963235294117647
25015204B2,5x,272,25-50%,1,0.003676470588235294
25015204B2,20x,4122,<=5%,4122,1.0
25015234B2,5x,214,<=5%,214,1.0
25015234B2,20x,2869,<=5%,2869,1.0
25015408B3,5x,149,<=5%,149,1.0
25015408B3,20x,2090,<=5%,2090,1.0
25015422B,5x,168,<=5%,168,1.0
25015422B,20x,2324,<=5%,2324,1.0
25015425B2,5x,329,<=5%,329,1.0
25015425B2,20x,4334,<=5%,4334,1.0
25015488B2,5x,183,<=5%,183,1.0
25015488B2,20x,2604,<=5%,2604,1.0
25015495B3,5x,144,<=5%,144,1.0
25015495B3,20x,2146,<=5%,2146,1.0
25015495B4,5x,219,<=5%,219,1.0
25015495B4,20x,3259,<=5%,3259,1.0
25015607B2,5x,185,<=5%,185,1.0
25015607B2,20x,2657,<=5%,2657,1.0
25015622B2,5x,289,<=5%,289,1.0
25015622B2,20x,3802,<=5%,3802,1.0
25015625B2,5x,199,<=5%,199,1.0
25015625B2,20x,2904,<=5%,2904,1.0
25015811B3,5x,114,<=5%,114,1.0
25015811B3,20x,1417,<=5%,1417,1.0
25015811B4,5x,278,<=5%,277,0.9964028776978417
25015811B4,5x,278,10-25%,1,0.0035971223021582736
25015811B4,20x,3983,<=5%,3982,0.9997489329651017
25015811B4,20x,3983,25-50%,1,0.00025106703489831785
25015820B,5x,300,<=5%,300,1.0
25015820B,20x,4362,<=5%,4362,1.0
25015863B2,5x,363,<=5%,363,1.0
25015863B2,20x,5419,<=5%,5408,0.9979701051854586
25015863B2,20x,5419,25-50%,11,0.002029894814541428
25015870B3,5x,180,<=5%,180,1.0
25015870B3,20x,2419,<=5%,2419,1.0
25016077B2,5x,127,<=5%,127,1.0
25016077B2,20x,1776,<=5%,1776,1.0
25016088B2,5x,228,<=5%,228,1.0
25016088B2,20x,3359,<=5%,3359,1.0
25016772B2,5x,345,<=5%,345,1.0
25016772B2,20x,4967,<=5%,4967,1.0
25016785B2,5x,420,<=5%,420,1.0
25016785B2,20x,6163,<=5%,6163,1.0
25016801B2,5x,370,<=5%,370,1.0
25016801B2,20x,5448,<=5%,5448,1.0
25016829B2,5x,201,<=5%,201,1.0
25016829B2,20x,2897,<=5%,2897,1.0
25016903B4,5x,274,<=5%,274,1.0
25016903B4,20x,3930,<=5%,3930,1.0
25016905B4,5x,165,<=5%,165,1.0
25016905B4,20x,2378,<=5%,2378,1.0
25016915B2,5x,193,<=5%,193,1.0
25016915B2,20x,2497,<=5%,2497,1.0
25016926B2,5x,292,<=5%,292,1.0
25016926B2,20x,4024,<=5%,4024,1.0
25017089B2,5x,308,<=5%,308,1.0
25017089B2,20x,4519,<=5%,4519,1.0
25017211B2,5x,264,<=5%,264,1.0
25017211B2,20x,3869,<=5%,3869,1.0
25017218B3,5x,157,<=5%,157,1.0
25017218B3,20x,1970,<=5%,1970,1.0
25017220B2,5x,259,<=5%,259,1.0
25017220B2,20x,3397,<=5%,3397,1.0
25017227B2,5x,314,<=5%,314,1.0
25017227B2,20x,4567,<=5%,4567,1.0
25017242B2,5x,279,<=5%,279,1.0
25017242B2,20x,4033,<=5%,4033,1.0
25017320B2,5x,283,<=5%,283,1.0
25017320B2,20x,4129,<=5%,4125,0.9990312424315815
25017320B2,20x,4129,10-25%,3,0.0007265681763138775
25017320B2,20x,4129,25-50%,1,0.0002421893921046258
25017322B2,5x,333,<=5%,333,1.0
25017322B2,20x,4954,<=5%,4954,1.0
25017338B3,5x,309,<=5%,309,1.0
25017338B3,20x,4511,<=5%,4511,1.0
25017341B4,5x,108,<=5%,108,1.0
25017341B4,20x,1485,<=5%,1485,1.0
25017354B5,5x,119,<=5%,119,1.0
25017354B5,20x,1549,<=5%,1549,1.0
25017355B1,5x,321,<=5%,321,1.0
25017355B1,20x,4467,<=5%,4467,1.0
25017372B2,5x,152,<=5%,152,1.0
25017372B2,20x,1867,<=5%,1867,1.0
25017383B2,5x,174,<=5%,174,1.0
25017383B2,20x,2570,<=5%,2570,1.0
25017515B2,5x,412,<=5%,412,1.0
25017515B2,20x,6028,<=5%,6028,1.0
25017518B2,5x,328,<=5%,325,0.9908536585365854
25017518B2,5x,328,25-50%,3,0.009146341463414634
25017518B2,20x,4794,<=5%,4778,0.9966624947851481
25017518B2,20x,4794,10-25%,16,0.003337505214851898
25017538B4,5x,226,<=5%,225,0.995575221238938
25017538B4,5x,226,10-25%,1,0.004424778761061947
25017538B4,20x,3081,<=5%,3081,1.0
25017539B2,5x,275,<=5%,275,1.0
25017539B2,20x,4009,<=5%,4009,1.0
25017539B3,5x,333,<=5%,333,1.0
25017539B3,20x,4823,<=5%,4823,1.0
25017589B6,5x,153,<=5%,153,1.0
25017589B6,20x,2176,<=5%,2176,1.0
25017711B,5x,384,<=5%,384,1.0
25017711B,20x,5679,<=5%,5679,1.0
25017716B2,5x,218,<=5%,218,1.0
25017716B2,20x,3169,<=5%,3169,1.0
25017718B2,5x,214,25-50%,2,0.009345794392523364
25017718B2,5x,214,<=5%,212,0.9906542056074766
25017718B2,20x,3188,<=5%,3169,0.9940401505646174
25017718B2,20x,3188,>50%,4,0.0012547051442910915
25017718B2,20x,3188,10-25%,7,0.00219573400250941
25017718B2,20x,3188,5-10%,5,0.0015683814303638645
25017718B2,20x,3188,25-50%,3,0.0009410288582183187
25017738B2,5x,334,<=5%,334,1.0
25017738B2,20x,4902,<=5%,4902,1.0
25017748B2,5x,192,<=5%,192,1.0
25017748B2,20x,2671,<=5%,2671,1.0
25017767B2,5x,210,<=5%,210,1.0
25017767B2,20x,2984,<=5%,2984,1.0
25017932B2,5x,93,<=5%,93,1.0
25017932B2,20x,1261,<=5%,1261,1.0
25017948B3,5x,288,<=5%,288,1.0
25017948B3,20x,4183,<=5%,4183,1.0
25018002B2,5x,249,<=5%,249,1.0
25018002B2,20x,3688,<=5%,3688,1.0
25018050B2,5x,195,<=5%,195,1.0
25018050B2,20x,2805,<=5%,2805,1.0
25018453B2,5x,168,<=5%,168,1.0
25018453B2,20x,2250,<=5%,2250,1.0
25018457B2,5x,282,<=5%,281,0.9964539007092199
25018457B2,5x,282,10-25%,1,0.0035460992907801418
25018457B2,20x,4148,<=5%,4146,0.9995178399228544
25018457B2,20x,4148,>50%,2,0.00048216007714561236
25018571B2,5x,339,<=5%,338,0.9970501474926253
25018571B2,5x,339,>50%,1,0.0029498525073746312
25018571B2,20x,4925,<=5%,4925,1.0
25018910B2,5x,145,<=5%,145,1.0
25018910B2,20x,2088,<=5%,2088,1.0
25019081B3,5x,301,<=5%,301,1.0
25019081B3,20x,4444,<=5%,4444,1.0
25019102B4,5x,312,<=5%,312,1.0
25019102B4,20x,4517,<=5%,4517,1.0
25019107B,5x,235,<=5%,235,1.0
25019107B,20x,3417,<=5%,3417,1.0
25019283B2,5x,166,<=5%,166,1.0
25019283B2,20x,2178,<=5%,2178,1.0
25019284B2,5x,244,<=5%,244,1.0
25019284B2,20x,3526,<=5%,3526,1.0
25019352B2,5x,232,<=5%,232,1.0
25019352B2,20x,3152,<=5%,3152,1.0
25019376B2,5x,412,<=5%,410,0.9951456310679612
25019376B2,5x,412,10-25%,2,0.0048543689320388345
25019376B2,20x,6083,<=5%,6083,1.0
25019379B,5x,219,<=5%,219,1.0
25019379B,20x,3103,<=5%,3103,1.0
25019384B2,5x,226,<=5%,226,1.0
25019384B2,20x,3241,<=5%,3239,0.9993829065103363
25019384B2,20x,3241,25-50%,2,0.000617093489663684
25019457B2,5x,192,<=5%,192,1.0
25019457B2,20x,2629,<=5%,2629,1.0
25019468B2,5x,185,<=5%,183,0.9891891891891892
25019468B2,5x,185,10-25%,2,0.010810810810810811
25019468B2,20x,2556,<=5%,2542,0.9945226917057903
25019468B2,20x,2556,5-10%,8,0.003129890453834116
25019468B2,20x,2556,25-50%,6,0.002347417840375587
25019508B4,5x,178,<=5%,178,1.0
25019508B4,20x,2594,<=5%,2594,1.0
25019621B2,5x,124,<=5%,124,1.0
25019621B2,20x,1765,<=5%,1765,1.0
25019621B4,5x,181,<=5%,181,1.0
25019621B4,20x,2623,<=5%,2623,1.0
25019716B2,5x,186,<=5%,186,1.0
25019716B2,20x,2594,<=5%,2594,1.0
25019773B3,5x,139,<=5%,139,1.0
25019773B3,20x,1993,<=5%,1993,1.0
25019776B2,5x,287,<=5%,287,1.0
25019776B2,20x,4229,<=5%,4229,1.0
25019790B2,5x,438,<=5%,438,1.0
25019790B2,20x,6505,<=5%,6505,1.0
25019806B2,5x,220,<=5%,220,1.0
25019806B2,20x,3141,<=5%,3141,1.0
25020257B2,5x,287,<=5%,287,1.0
25020257B2,20x,4243,<=5%,4243,1.0
25020263B2,5x,348,<=5%,346,0.9942528735632183
25020263B2,5x,348,>50%,2,0.005747126436781609
25020263B2,20x,4827,<=5%,4824,0.9993784959602238
25020263B2,20x,4827,25-50%,3,0.0006215040397762585
25020282B2,5x,342,<=5%,342,1.0
25020282B2,20x,5158,<=5%,5158,1.0
25020291B2,5x,159,<=5%,158,0.9937106918238994
25020291B2,5x,159,>50%,1,0.006289308176100629
25020291B2,20x,2136,<=5%,2132,0.99812734082397
25020291B2,20x,2136,>50%,4,0.0018726591760299626
25020573B3,5x,286,<=5%,286,1.0
25020573B3,20x,4278,<=5%,4276,0.9995324918186068
25020573B3,20x,4278,25-50%,1,0.0002337540906965872
25020573B3,20x,4278,>50%,1,0.0002337540906965872
25020714B2,5x,515,<=5%,514,0.9980582524271845
25020714B2,5x,515,>50%,1,0.001941747572815534
25020714B2,20x,7718,<=5%,7716,0.9997408655091993
25020714B2,20x,7718,>50%,2,0.0002591344908007256
25020717B2,5x,219,<=5%,219,1.0
25020717B2,20x,3029,<=5%,3029,1.0
25020760B3,5x,319,<=5%,319,1.0
25020760B3,20x,4559,<=5%,4559,1.0
25021120B4,5x,281,<=5%,281,1.0
25021120B4,20x,4056,<=5%,4041,0.996301775147929
25021120B4,20x,4056,25-50%,7,0.0017258382642998027
25021120B4,20x,4056,5-10%,8,0.0019723865877712033
25021164B2,5x,355,<=5%,355,1.0
25021164B2,20x,5257,<=5%,5257,1.0
25021171B2,5x,136,<=5%,136,1.0
25021171B2,20x,1875,<=5%,1875,1.0
25021197B2,5x,228,<=5%,228,1.0
25021197B2,20x,3106,<=5%,3106,1.0
25021260B2,5x,260,<=5%,260,1.0
25021260B2,20x,3839,<=5%,3839,1.0
25021291B2,5x,267,<=5%,267,1.0
25021291B2,20x,3862,<=5%,3862,1.0
25021419B1,5x,317,<=5%,317,1.0
25021419B1,20x,4554,<=5%,4554,1.0
25021474B,5x,171,<=5%,169,0.9883040935672515
25021474B,5x,171,>50%,2,0.011695906432748537
25021474B,20x,2233,<=5%,2226,0.9968652037617555
25021474B,20x,2233,5-10%,7,0.003134796238244514
25021481B2,5x,170,<=5%,170,1.0
25021481B2,20x,2451,<=5%,2451,1.0
25021538B2,5x,269,<=5%,269,1.0
25021538B2,20x,3677,<=5%,3677,1.0
25021554B2,5x,270,<=5%,270,1.0
25021554B2,20x,3937,<=5%,3937,1.0
25021575B4,5x,95,<=5%,95,1.0
25021575B4,20x,1255,<=5%,1255,1.0
25021622B4,5x,139,<=5%,139,1.0
25021622B4,20x,1976,<=5%,1976,1.0
25021640B3,5x,392,<=5%,392,1.0
25021640B3,20x,5874,<=5%,5874,1.0
25021658B3,5x,245,<=5%,245,1.0
25021658B3,20x,3291,<=5%,3291,1.0
25021662B2,5x,243,<=5%,243,1.0
25021662B2,20x,3524,<=5%,3524,1.0
25021667B2,5x,244,<=5%,244,1.0
25021667B2,20x,3355,<=5%,3355,1.0
25021668B2,5x,174,<=5%,174,1.0
25021668B2,20x,2528,<=5%,2528,1.0
25021893B2,5x,317,<=5%,317,1.0
25021893B2,20x,4645,<=5%,4645,1.0
25021894B2,5x,250,<=5%,250,1.0
25021894B2,20x,3640,<=5%,3640,1.0
25021894B3,5x,195,<=5%,195,1.0
25021894B3,20x,2791,<=5%,2785,0.9978502328914367
25021894B3,20x,2791,10-25%,6,0.002149767108563239
25021901B2,5x,318,<=5%,318,1.0
25021901B2,20x,4812,<=5%,4812,1.0
25021911B2,5x,299,<=5%,297,0.9933110367892977
25021911B2,5x,299,5-10%,2,0.006688963210702341
25021911B2,20x,4120,<=5%,4119,0.999757281553398
25021911B2,20x,4120,25-50%,1,0.00024271844660194174
25021918B4,5x,288,<=5%,288,1.0
25021918B4,20x,4212,<=5%,4212,1.0
25021973B2,5x,273,10-25%,2,0.007326007326007326
25021973B2,5x,273,<=5%,271,0.9926739926739927
25021973B2,20x,3837,<=5%,3830,0.9981756580661976
25021973B2,20x,3837,5-10%,7,0.0018243419338024498
25022019B2,5x,112,<=5%,112,1.0
25022019B2,20x,1494,<=5%,1494,1.0
25022038B2,5x,111,<=5%,111,1.0
25022038B2,20x,1581,<=5%,1581,1.0
25022262B2,5x,242,<=5%,242,1.0
25022262B2,20x,3520,<=5%,3520,1.0
25022278B2,5x,201,<=5%,201,1.0
25022278B2,20x,2839,<=5%,2839,1.0
25022330B2,5x,269,<=5%,269,1.0
25022330B2,20x,3644,<=5%,3644,1.0
25022343B3,5x,268,<=5%,268,1.0
25022343B3,20x,3850,<=5%,3850,1.0
25022354B2,5x,312,<=5%,312,1.0
25022354B2,20x,4538,<=5%,4538,1.0
25022406B2,5x,217,<=5%,216,0.9953917050691244
25022406B2,5x,217,10-25%,1,0.004608294930875576
25022406B2,20x,3157,<=5%,3153,0.9987329743427305
25022406B2,20x,3157,>50%,4,0.0012670256572695597
25023016B6,5x,362,<=5%,362,1.0
25023016B6,20x,5337,<=5%,5337,1.0
25023184B2,5x,394,<=5%,391,0.9923857868020305
25023184B2,5x,394,5-10%,3,0.007614213197969543
25023184B2,20x,5792,<=5%,5792,1.0
25023573B,5x,191,<=5%,191,1.0
25023573B,20x,2681,<=5%,2681,1.0
25023590B3,5x,222,<=5%,222,1.0
25023590B3,20x,2995,<=5%,2995,1.0
25023590B4,5x,166,<=5%,166,1.0
25023590B4,20x,2256,<=5%,2256,1.0
25023687B2,5x,234,<=5%,234,1.0
25023687B2,20x,3293,<=5%,3293,1.0
25023690B3,5x,170,<=5%,170,1.0
25023690B3,20x,2315,<=5%,2315,1.0
25023814B,5x,287,<=5%,285,0.9930313588850174
25023814B,5x,287,5-10%,2,0.006968641114982578
25023814B,20x,4032,<=5%,4031,0.9997519841269841
25023814B,20x,4032,25-50%,1,0.000248015873015873
25023869B3,5x,136,<=5%,136,1.0
25023869B3,20x,1964,<=5%,1962,0.9989816700610998
25023869B3,20x,1964,>50%,1,0.0005091649694501018
25023869B3,20x,1964,10-25%,1,0.0005091649694501018
25023869B4,5x,202,<=5%,202,1.0
25023869B4,20x,2761,<=5%,2761,1.0
25023930B2,5x,138,<=5%,138,1.0
25023930B2,20x,1892,<=5%,1892,1.0
25023934B2,5x,359,<=5%,359,1.0
25023934B2,20x,5427,<=5%,5427,1.0
25023936B2,5x,235,<=5%,235,1.0
25023936B2,20x,3380,<=5%,3380,1.0
25023977B2,5x,200,<=5%,194,0.97
25023977B2,5x,200,25-50%,3,0.015
25023977B2,5x,200,10-25%,3,0.015
25023977B2,20x,2514,<=5%,2508,0.9976133651551312
25023977B2,20x,2514,25-50%,3,0.0011933174224343676
25023977B2,20x,2514,>50%,3,0.0011933174224343676
25024142B2,5x,131,<=5%,129,0.9847328244274809
25024142B2,5x,131,>50%,2,0.015267175572519083
25024142B2,20x,1713,<=5%,1705,0.9953298307063632
25024142B2,20x,1713,25-50%,8,0.004670169293636894
25024243B2,5x,281,<=5%,281,1.0
25024243B2,20x,4146,<=5%,4146,1.0
25024302B4,5x,166,<=5%,166,1.0
25024302B4,20x,2287,<=5%,2281,0.9973764757324005
25024302B4,20x,2287,10-25%,6,0.0026235242675994755
25024310B3,5x,405,<=5%,405,1.0
25024310B3,20x,5984,<=5%,5984,1.0
25024431B,5x,196,<=5%,196,1.0
25024431B,20x,2750,<=5%,2750,1.0
25024688B2,5x,171,<=5%,171,1.0
25024688B2,20x,2465,<=5%,2465,1.0
25024698B4,5x,311,<=5%,311,1.0
25024698B4,20x,4574,<=5%,4574,1.0
25024709B2,5x,239,<=5%,239,1.0
25024709B2,20x,3587,<=5%,3587,1.0
25024732B2,5x,192,<=5%,192,1.0
25024732B2,20x,2729,<=5%,2729,1.0
25024855B3,5x,126,<=5%,126,1.0
25024855B3,20x,1763,<=5%,1763,1.0
25024878B3,5x,324,<=5%,323,0.9969135802469136
25024878B3,5x,324,10-25%,1,0.0030864197530864196
25024878B3,20x,4685,<=5%,4685,1.0
25024982B2,5x,261,<=5%,261,1.0
25024982B2,20x,3821,<=5%,3821,1.0
25024983B2,5x,291,<=5%,290,0.9965635738831615
25024983B2,5x,291,>50%,1,0.003436426116838488
25024983B2,20x,4255,<=5%,4247,0.9981198589894242
25024983B2,20x,4255,25-50%,8,0.0018801410105757932
25025083B2,5x,217,<=5%,217,1.0
25025083B2,20x,3283,<=5%,3283,1.0
25025096B2,5x,330,<=5%,330,1.0
25025096B2,20x,4868,<=5%,4855,0.997329498767461
25025096B2,20x,4868,25-50%,13,0.0026705012325390306
25025102B2,5x,401,<=5%,400,0.9975062344139651
25025102B2,5x,401,10-25%,1,0.0024937655860349127
25025102B2,20x,5777,<=5%,5777,1.0
25025109B2,5x,359,<=5%,358,0.9972144846796658
25025109B2,5x,359,>50%,1,0.002785515320334262
25025109B2,20x,5272,<=5%,5267,0.999051593323217
25025109B2,20x,5272,>50%,5,0.0009484066767830046
25025240B,5x,146,<=5%,146,1.0
25025240B,20x,2110,<=5%,2110,1.0
25025245B2,5x,247,<=5%,247,1.0
25025245B2,20x,3596,<=5%,3596,1.0
25025251B,5x,206,<=5%,206,1.0
25025251B,20x,2941,<=5%,2941,1.0
25025262B2,5x,196,<=5%,196,1.0
25025262B2,20x,2904,<=5%,2904,1.0
25025297B,5x,310,<=5%,310,1.0
25025297B,20x,4651,<=5%,4651,1.0
25025298B2,5x,386,<=5%,386,1.0
25025298B2,20x,5726,<=5%,5726,1.0
25025506B,5x,218,<=5%,218,1.0
25025506B,20x,3046,<=5%,3046,1.0
25025509B2,5x,229,<=5%,229,1.0
25025509B2,20x,3442,<=5%,3442,1.0
25025510B1,5x,336,<=5%,336,1.0
25025510B1,20x,5062,<=5%,5062,1.0
25025510B3,5x,325,<=5%,320,0.9846153846153847
25025510B3,5x,325,10-25%,5,0.015384615384615385
25025510B3,20x,4841,<=5%,4839,0.9995868622185499
25025510B3,20x,4841,>50%,2,0.0004131377814501136
25025567B3,5x,287,<=5%,287,1.0
25025567B3,20x,4188,<=5%,4188,1.0
25025570B2,5x,422,<=5%,422,1.0
25025570B2,20x,6303,<=5%,6303,1.0
25025575B2,5x,385,<=5%,385,1.0
25025575B2,20x,5776,<=5%,5776,1.0
25025602B2,5x,506,<=5%,506,1.0
25025602B2,20x,7540,<=5%,7539,0.999867374005305
25025602B2,20x,7540,>50%,1,0.0001326259946949602
25025675B2,5x,310,<=5%,310,1.0
25025675B2,20x,4414,<=5%,4414,1.0
25025788B2,5x,445,<=5%,441,0.9910112359550561
25025788B2,5x,445,5-10%,4,0.008988764044943821
25025788B2,20x,6674,<=5%,6664,0.9985016481869943
25025788B2,20x,6674,10-25%,10,0.0014983518130056938
25025953B2,5x,410,<=5%,410,1.0
25025953B2,20x,5950,<=5%,5949,0.9998319327731092
25025953B2,20x,5950,>50%,1,0.0001680672268907563
25025960B2,5x,195,<=5%,195,1.0
25025960B2,20x,2649,<=5%,2649,1.0
25026075B2,5x,196,<=5%,196,1.0
25026075B2,20x,2883,<=5%,2883,1.0
25026081B2,5x,240,<=5%,240,1.0
25026081B2,20x,3397,<=5%,3397,1.0
25026103B3,5x,174,<=5%,174,1.0
25026103B3,20x,2557,<=5%,2557,1.0
25026163B,5x,336,<=5%,336,1.0
25026163B,20x,4868,<=5%,4868,1.0
25026180B2,5x,415,<=5%,415,1.0
25026180B2,20x,6279,<=5%,6279,1.0
25026254B2,5x,379,>50%,2,0.005277044854881266
25026254B2,5x,379,<=5%,369,0.9736147757255936
25026254B2,5x,379,10-25%,8,0.021108179419525065
25026254B2,20x,5696,<=5%,5665,0.9945575842696629
25026254B2,20x,5696,10-25%,6,0.001053370786516854
25026254B2,20x,5696,>50%,25,0.004389044943820225
25026291B2,5x,450,<=5%,450,1.0
25026291B2,20x,6838,<=5%,6838,1.0
25026669B2,5x,233,<=5%,232,0.9957081545064378
25026669B2,5x,233,>50%,1,0.004291845493562232
25026669B2,20x,3176,<=5%,3175,0.9996851385390428
25026669B2,20x,3176,>50%,1,0.00031486146095717883
25026740B2,5x,333,<=5%,333,1.0
25026740B2,20x,4969,<=5%,4969,1.0
25026798B2,5x,410,<=5%,406,0.9902439024390244
25026798B2,5x,410,10-25%,4,0.00975609756097561
25026798B2,20x,5921,<=5%,5907,0.9976355345380847
25026798B2,20x,5921,25-50%,3,0.0005066711704104037
25026798B2,20x,5921,10-25%,11,0.0018577942915048134
25027122B2,5x,247,<=5%,247,1.0
25027122B2,20x,3580,<=5%,3580,1.0
25027135B3,5x,196,<=5%,196,1.0
25027135B3,20x,2843,<=5%,2843,1.0
25027167B2,5x,239,<=5%,239,1.0
25027167B2,20x,3488,<=5%,3488,1.0
25027290B2,5x,420,<=5%,420,1.0
25027290B2,20x,6087,<=5%,6087,1.0
25012148B3,5x,239,<=5%,239,1.0
25012148B3,20x,3493,<=5%,3493,1.0
25017073B2,5x,148,<=5%,148,1.0
25017073B2,20x,2194,<=5%,2194,1.0
25018584B,5x,246,<=5%,246,1.0
25018584B,20x,3393,<=5%,3393,1.0
25018592B,5x,98,<=5%,98,1.0
25018592B,20x,1359,<=5%,1359,1.0
2490526B3,5x,201,<=5%,201,1.0
2490526B3,20x,2774,<=5%,2774,1.0
2490547B2,5x,189,<=5%,189,1.0
2490547B2,20x,2521,<=5%,2521,1.0
2490750B4,5x,79,<=5%,79,1.0
2490750B4,20x,1097,<=5%,1097,1.0
2490820B2,5x,133,<=5%,133,1.0
2490820B2,20x,1812,<=5%,1812,1.0
2490820B3,5x,134,<=5%,134,1.0
2490820B3,20x,1844,<=5%,1844,1.0
2490837B2,5x,209,<=5%,209,1.0
2490837B2,20x,2909,<=5%,2909,1.0
2490844B1,5x,265,<=5%,265,1.0
2490844B1,20x,3668,<=5%,3668,1.0
2490860B2,5x,291,<=5%,291,1.0
2490860B2,20x,4208,<=5%,4208,1.0
2490963B2,5x,258,<=5%,256,0.9922480620155039
2490963B2,5x,258,25-50%,2,0.007751937984496124
2490963B2,20x,3611,<=5%,3611,1.0
2490964B2,5x,113,<=5%,112,0.9911504424778761
2490964B2,5x,113,10-25%,1,0.008849557522123894
2490964B2,20x,1439,<=5%,1439,1.0
2490972B8,5x,191,<=5%,191,1.0
2490972B8,20x,2801,<=5%,2801,1.0
2490978B2,5x,138,<=5%,138,1.0
2490978B2,20x,1934,<=5%,1934,1.0
2491131B2,5x,264,<=5%,264,1.0
2491131B2,20x,3875,<=5%,3875,1.0
2491191B2,5x,223,<=5%,223,1.0
2491191B2,20x,3305,<=5%,3305,1.0
2491191B3,5x,315,<=5%,315,1.0
2491191B3,20x,4558,<=5%,4558,1.0
2491226B2,5x,193,<=5%,192,0.9948186528497409
2491226B2,5x,193,5-10%,1,0.0051813471502590676
2491226B2,20x,2680,<=5%,2678,0.9992537313432835
2491226B2,20x,2680,5-10%,2,0.0007462686567164179
2491275B2,5x,214,<=5%,214,1.0
2491275B2,20x,3062,<=5%,3062,1.0
2491560B2,5x,128,<=5%,128,1.0
2491560B2,20x,1611,<=5%,1611,1.0
25001929B3,5x,179,<=5%,178,0.994413407821229
25001929B3,5x,179,>50%,1,0.00558659217877095
25001929B3,20x,2411,<=5%,2411,1.0
25001939B2,5x,241,<=5%,241,1.0
25001939B2,20x,3385,<=5%,3385,1.0
25001965B2,5x,150,<=5%,150,1.0
25001965B2,20x,2014,<=5%,2014,1.0
25001966B2,5x,259,<=5%,259,1.0
25001966B2,20x,3708,<=5%,3708,1.0
25002073B3,5x,172,<=5%,172,1.0
25002073B3,20x,2331,<=5%,2331,1.0
25002238B,5x,343,<=5%,337,0.9825072886297376
25002238B,5x,343,25-50%,6,0.01749271137026239
25002238B,20x,4907,<=5%,4897,0.9979620949663746
25002238B,20x,4907,10-25%,10,0.002037905033625433
25002328B2,5x,87,<=5%,87,1.0
25002328B2,20x,1120,<=5%,1120,1.0
25002329B2,5x,252,<=5%,252,1.0
25002329B2,20x,3519,<=5%,3519,1.0
25002366B6,5x,246,<=5%,246,1.0
25002366B6,20x,3546,<=5%,3546,1.0
25002388B2,5x,109,<=5%,109,1.0
25002388B2,20x,1373,<=5%,1373,1.0
25002391B2,5x,220,<=5%,220,1.0
25002391B2,20x,3101,10-25%,8,0.0025798129635601417
25002391B2,20x,3101,<=5%,3093,0.9974201870364399
25002472B2,5x,363,<=5%,363,1.0
25002472B2,20x,5416,<=5%,5416,1.0
25002496B2,5x,109,<=5%,109,1.0
25002496B2,20x,1437,<=5%,1437,1.0
25002504B2,5x,346,<=5%,346,1.0
25002504B2,20x,5058,<=5%,5058,1.0
25002663B5,5x,341,<=5%,338,0.9912023460410557
25002663B5,5x,341,10-25%,3,0.008797653958944282
25002663B5,20x,5073,<=5%,5072,0.9998028779814705
25002663B5,20x,5073,>50%,1,0.00019712201852946975
25002744B2,5x,195,<=5%,195,1.0
25002744B2,20x,2776,<=5%,2776,1.0
25002788B2,5x,211,<=5%,211,1.0
25002788B2,20x,3013,<=5%,3013,1.0
25002789B2,5x,249,<=5%,244,0.9799196787148594
25002789B2,5x,249,25-50%,2,0.008032128514056224
25002789B2,5x,249,10-25%,3,0.012048192771084338
25002789B2,20x,3576,<=5%,3571,0.9986017897091722
25002789B2,20x,3576,>50%,2,0.0005592841163310962
25002789B2,20x,3576,25-50%,3,0.0008389261744966443
25002801B1,5x,168,<=5%,168,1.0
25002801B1,20x,2401,<=5%,2401,1.0
25002804B2,5x,333,<=5%,333,1.0
25002804B2,20x,4763,<=5%,4763,1.0
25002897B2,5x,177,<=5%,177,1.0
25002897B2,20x,2569,<=5%,2569,1.0
25002898B2,5x,105,<=5%,105,1.0
25002898B2,20x,1484,<=5%,1484,1.0
25002906B2,5x,186,<=5%,186,1.0
25002906B2,20x,2697,<=5%,2697,1.0
25002907B3,5x,189,<=5%,189,1.0
25002907B3,20x,2681,<=5%,2681,1.0
25003038B2,5x,392,<=5%,392,1.0
25003038B2,20x,5702,<=5%,5702,1.0
25009124B2,5x,223,<=5%,223,1.0
25009124B2,20x,3331,<=5%,3327,0.9987991594115881
25009124B2,20x,3331,>50%,2,0.0006004202942059442
25009124B2,20x,3331,5-10%,2,0.0006004202942059442
25009148B3,5x,176,<=5%,176,1.0
25009148B3,20x,2470,<=5%,2470,1.0
25009148B4,5x,124,<=5%,124,1.0
25009148B4,20x,1748,<=5%,1748,1.0
25009294B2,5x,210,<=5%,210,1.0
25009294B2,20x,3106,<=5%,3106,1.0
25009297B,5x,344,<=5%,344,1.0
25009297B,20x,5102,<=5%,5102,1.0
25009367B2,5x,252,<=5%,252,1.0
25009367B2,20x,3738,<=5%,3738,1.0
25009529B2,5x,170,<=5%,170,1.0
25009529B2,20x,2464,<=5%,2464,1.0
25009539B3,5x,222,<=5%,222,1.0
25009539B3,20x,3086,<=5%,3086,1.0
25009578B4,5x,287,<=5%,287,1.0
25009578B4,20x,4092,<=5%,4092,1.0
25009747B,5x,293,<=5%,293,1.0
25009747B,20x,4150,<=5%,4150,1.0
25009756B2,5x,236,<=5%,236,1.0
25009756B2,20x,3381,<=5%,3381,1.0
25015064B,5x,74,<=5%,74,1.0
25015064B,20x,1022,<=5%,1022,1.0
2460615-B4,5x,157,<=5%,157,1.0
2460615-B4,20x,2071,<=5%,2071,1.0
2460943-B3,5x,98,<=5%,98,1.0
2460943-B3,20x,1349,<=5%,1349,1.0
2462468-B2,5x,197,<=5%,197,1.0
2462468-B2,20x,2686,<=5%,2686,1.0
2462609-B2,5x,61,<=5%,61,1.0
2462609-B2,20x,821,<=5%,821,1.0
2462939-B,5x,99,<=5%,99,1.0
2462939-B,20x,1451,<=5%,1451,1.0
2463367-B2,5x,301,<=5%,299,0.9933554817275747
2463367-B2,5x,301,5-10%,2,0.006644518272425249
2463367-B2,20x,4380,<=5%,4377,0.9993150684931507
2463367-B2,20x,4380,25-50%,3,0.0006849315068493151
2476286-B2,5x,302,<=5%,302,1.0
2476286-B2,20x,4315,<=5%,4315,1.0
2476299-B2,5x,227,<=5%,224,0.986784140969163
2476299-B2,5x,227,25-50%,3,0.013215859030837005
2476299-B2,20x,3089,<=5%,3087,0.9993525412754937
2476299-B2,20x,3089,25-50%,2,0.0006474587245063128
2476693-B3,5x,220,<=5%,220,1.0
2476693-B3,20x,3003,<=5%,3003,1.0
2477926-B4,5x,156,<=5%,156,1.0
2477926-B4,20x,2143,<=5%,2142,0.9995333644423705
2477926-B4,20x,2143,>50%,1,0.0004666355576294914
2482111-B2,5x,424,<=5%,421,0.9929245283018868
2482111-B2,5x,424,10-25%,1,0.0023584905660377358
2482111-B2,5x,424,>50%,2,0.0047169811320754715
2482111-B2,20x,6180,<=5%,6168,0.9980582524271845
2482111-B2,20x,6180,10-25%,5,0.0008090614886731392
2482111-B2,20x,6180,25-50%,7,0.0011326860841423948
2482883-B2,5x,390,<=5%,390,1.0
2482883-B2,20x,5651,<=5%,5651,1.0
2483073-B3,5x,231,<=5%,231,1.0
2483073-B3,20x,3203,<=5%,3203,1.0
2483850-B2,5x,163,<=5%,161,0.9877300613496932
2483850-B2,5x,163,10-25%,2,0.012269938650306749
2483850-B2,20x,2419,<=5%,2419,1.0
2484660-B2,5x,201,<=5%,201,1.0
2484660-B2,20x,2946,<=5%,2946,1.0
2484791-B2,5x,206,<=5%,206,1.0
2484791-B2,20x,2771,<=5%,2771,1.0
2484862-B3,5x,236,<=5%,236,1.0
2484862-B3,20x,3317,<=5%,3317,1.0
2485164-B2,5x,146,<=5%,146,1.0
2485164-B2,20x,2004,<=5%,2004,1.0
2485276-B3,5x,147,<=5%,147,1.0
2485276-B3,20x,1711,<=5%,1711,1.0
2485473-B2,5x,263,<=5%,263,1.0
2485473-B2,20x,3743,<=5%,3743,1.0
2485536-B2,5x,192,<=5%,192,1.0
2485536-B2,20x,2655,<=5%,2652,0.9988700564971752
2485536-B2,20x,2655,25-50%,3,0.0011299435028248588
2485632-B,5x,149,<=5%,149,1.0
2485632-B,20x,2029,<=5%,2029,1.0
2486102-B2,5x,77,<=5%,77,1.0
2486102-B2,20x,984,<=5%,984,1.0
2487043-B,5x,109,<=5%,109,1.0
2487043-B,20x,1513,<=5%,1496,0.9887640449438202
2487043-B,20x,1513,25-50%,8,0.005287508261731659
2487043-B,20x,1513,10-25%,9,0.005948446794448116
2487053-B2,5x,202,<=5%,202,1.0
2487053-B2,20x,2933,<=5%,2933,1.0
2487063-B2,5x,121,<=5%,120,0.9917355371900827
2487063-B2,5x,121,>50%,1,0.008264462809917356
2487063-B2,20x,1409,<=5%,1409,1.0
2487518-B,5x,91,<=5%,91,1.0
2487518-B,20x,1281,<=5%,1281,1.0
2487567-B2,5x,103,<=5%,103,1.0
2487567-B2,20x,1480,<=5%,1480,1.0
2488040-B,5x,256,<=5%,256,1.0
2488040-B,20x,3714,<=5%,3714,1.0
2488302-B2,5x,244,25-50%,2,0.00819672131147541
2488302-B2,5x,244,<=5%,242,0.9918032786885246
2488302-B2,20x,3415,<=5%,3415,1.0
2488335-B,5x,358,<=5%,353,0.9860335195530726
2488335-B,5x,358,>50%,5,0.013966480446927373
2488335-B,20x,5092,<=5%,5083,0.9982325216025137
2488335-B,20x,5092,25-50%,9,0.001767478397486253
2488960-B2,5x,221,<=5%,221,1.0
2488960-B2,20x,3331,<=5%,3331,1.0
2488987-B2,5x,262,<=5%,260,0.9923664122137404
2488987-B2,5x,262,>50%,2,0.007633587786259542
2488987-B2,20x,3617,<=5%,3607,0.9972352778545757
2488987-B2,20x,3617,25-50%,10,0.002764722145424385
25012737B4,5x,122,<=5%,122,1.0
25012737B4,20x,1619,<=5%,1619,1.0
25013062B2,5x,99,<=5%,99,1.0
25013062B2,20x,1277,<=5%,1277,1.0
25013189B4,5x,119,<=5%,119,1.0
25013189B4,20x,1672,<=5%,1671,0.9994019138755981
25013189B4,20x,1672,5-10%,1,0.0005980861244019139
25013629B6,5x,375,<=5%,375,1.0
25013629B6,20x,5266,<=5%,5266,1.0
25013977B2,5x,340,<=5%,340,1.0
25013977B2,20x,5069,<=5%,5069,1.0
25014298B2,5x,83,<=5%,83,1.0
25014298B2,20x,1181,<=5%,1181,1.0
25014627B3,5x,147,<=5%,147,1.0
25014627B3,20x,1862,<=5%,1862,1.0
25015052B3,5x,280,<=5%,280,1.0
25015052B3,20x,4110,<=5%,4110,1.0
25015191B2,5x,201,<=5%,201,1.0
25015191B2,20x,2780,<=5%,2780,1.0
25015191B3,5x,149,<=5%,149,1.0
25015191B3,20x,2172,<=5%,2172,1.0
25015215B2,5x,145,<=5%,145,1.0
25015215B2,20x,1991,<=5%,1991,1.0
25015421B3,5x,302,<=5%,302,1.0
25015421B3,20x,4479,<=5%,4479,1.0
25015471B,5x,388,<=5%,388,1.0
25015471B,20x,5827,<=5%,5827,1.0
25015496B,5x,99,<=5%,99,1.0
25015496B,20x,1195,<=5%,1195,1.0
25015594B2,5x,162,<=5%,162,1.0
25015594B2,20x,2247,<=5%,2247,1.0
25015608B2,5x,206,<=5%,206,1.0
25015608B2,20x,2952,<=5%,2952,1.0
25015640B3,5x,144,<=5%,144,1.0
25015640B3,20x,1971,<=5%,1971,1.0
25015640B5,5x,126,<=5%,126,1.0
25015640B5,20x,1768,<=5%,1768,1.0
25015784B2,5x,51,<=5%,51,1.0
25015784B2,20x,658,<=5%,658,1.0
25015798B2,5x,36,<=5%,36,1.0
25015798B2,20x,432,<=5%,432,1.0
25015867B2,5x,173,<=5%,173,1.0
25015867B2,20x,2343,<=5%,2343,1.0
25016027B,5x,172,<=5%,172,1.0
25016027B,20x,2444,<=5%,2444,1.0
25016031B2,5x,240,<=5%,240,1.0
25016031B2,20x,3474,<=5%,3474,1.0
25016827B2,5x,277,<=5%,277,1.0
25016827B2,20x,3978,<=5%,3978,1.0
25017341B3,5x,119,<=5%,119,1.0
25017341B3,20x,1641,<=5%,1641,1.0
25017342B2,5x,133,<=5%,133,1.0
25017342B2,20x,1906,<=5%,1906,1.0
25017355B4,5x,142,<=5%,142,1.0
25017355B4,20x,1808,<=5%,1808,1.0
25017499B,5x,42,<=5%,42,1.0
25017499B,20x,597,<=5%,597,1.0
25017500B,5x,36,<=5%,36,1.0
25017500B,20x,489,<=5%,489,1.0
25017592B3,5x,97,<=5%,97,1.0
25017592B3,20x,1178,<=5%,1178,1.0
25017730B2,5x,153,<=5%,153,1.0
25017730B2,20x,2270,<=5%,2270,1.0
25017739B2,5x,281,<=5%,281,1.0
25017739B2,20x,4162,<=5%,4162,1.0
25017923B,5x,119,<=5%,119,1.0
25017923B,20x,1532,<=5%,1532,1.0
25017930B,5x,115,<=5%,115,1.0
25017930B,20x,1492,<=5%,1492,1.0
25018478B2,5x,229,<=5%,229,1.0
25018478B2,20x,3256,<=5%,3256,1.0
25018956B3,5x,108,<=5%,108,1.0
25018956B3,20x,1526,<=5%,1526,1.0
25019094B8,5x,265,5-10%,2,0.007547169811320755
25019094B8,5x,265,<=5%,263,0.9924528301886792
25019094B8,20x,3900,<=5%,3890,0.9974358974358974
25019094B8,20x,3900,25-50%,7,0.0017948717948717949
25019094B8,20x,3900,10-25%,3,0.0007692307692307692
25019273B,5x,379,<=5%,377,0.9947229551451188
25019273B,5x,379,10-25%,2,0.005277044854881266
25019273B,20x,5410,<=5%,5410,1.0
25019294B1,5x,35,<=5%,35,1.0
25019294B1,20x,453,<=5%,453,1.0
25019294B2,5x,38,<=5%,38,1.0
25019294B2,20x,464,<=5%,464,1.0
25019335B6,5x,150,<=5%,150,1.0
25019335B6,20x,1992,<=5%,1992,1.0
25019339B2,5x,227,<=5%,227,1.0
25019339B2,20x,3354,<=5%,3354,1.0
25019339B3,5x,211,<=5%,211,1.0
25019339B3,20x,3018,<=5%,3018,1.0
25019474B2,5x,251,<=5%,251,1.0
25019474B2,20x,3619,<=5%,3619,1.0
25019503B,5x,109,<=5%,109,1.0
25019503B,20x,1589,<=5%,1589,1.0
25019629B2,5x,166,<=5%,166,1.0
25019629B2,20x,2187,<=5%,2187,1.0
25019675B2,5x,172,<=5%,172,1.0
25019675B2,20x,2526,<=5%,2526,1.0
25019705B2,5x,276,<=5%,276,1.0
25019705B2,20x,4073,<=5%,4073,1.0
25020232B,5x,341,<=5%,341,1.0
25020232B,20x,4933,<=5%,4933,1.0
25020353B2,5x,94,<=5%,94,1.0
25020353B2,20x,1279,<=5%,1279,1.0
25020556B4,5x,152,<=5%,152,1.0
25020556B4,20x,2208,<=5%,2208,1.0
25020714B4,5x,340,<=5%,340,1.0
25020714B4,20x,4936,<=5%,4936,1.0
25020799B3,5x,324,<=5%,324,1.0
25020799B3,20x,4645,<=5%,4645,1.0
25020799B5,5x,282,<=5%,282,1.0
25020799B5,20x,3920,<=5%,3920,1.0
25021196B2,5x,120,<=5%,120,1.0
25021196B2,20x,1453,<=5%,1453,1.0
25021277B3,5x,121,<=5%,121,1.0
25021277B3,20x,1635,<=5%,1635,1.0
25021277B4,5x,89,<=5%,89,1.0
25021277B4,20x,1059,<=5%,1059,1.0
25021421B2,5x,337,<=5%,337,1.0
25021421B2,20x,4940,<=5%,4940,1.0
25021487B,5x,240,<=5%,240,1.0
25021487B,20x,3366,<=5%,3366,1.0
25021555B2,5x,56,<=5%,56,1.0
25021555B2,20x,654,<=5%,654,1.0
25021558B2,5x,79,<=5%,79,1.0
25021558B2,20x,1047,<=5%,1047,1.0
25021665B2,5x,167,<=5%,167,1.0
25021665B2,20x,1990,<=5%,1990,1.0
25021665B3,5x,242,<=5%,241,0.9958677685950413
25021665B3,5x,242,25-50%,1,0.004132231404958678
25021665B3,20x,2896,<=5%,2895,0.9996546961325967
25021665B3,20x,2896,25-50%,1,0.0003453038674033149
25021672B,5x,73,<=5%,73,1.0
25021672B,20x,987,<=5%,987,1.0
25021735B5,5x,156,5-10%,2,0.01282051282051282
25021735B5,5x,156,<=5%,154,0.9871794871794872
25021735B5,20x,2142,<=5%,2139,0.9985994397759104
25021735B5,20x,2142,10-25%,3,0.0014005602240896359
25021890B4,5x,106,<=5%,106,1.0
25021890B4,20x,1454,<=5%,1454,1.0
25021890B6,5x,284,<=5%,284,1.0
25021890B6,20x,3970,<=5%,3970,1.0
25021922B2,5x,423,<=5%,423,1.0
25021922B2,20x,6173,<=5%,6173,1.0
25022013B,5x,169,<=5%,169,1.0
25022013B,20x,2339,<=5%,2339,1.0
25022344B2,5x,419,<=5%,416,0.9928400954653938
25022344B2,5x,419,5-10%,3,0.007159904534606206
25022344B2,20x,6174,<=5%,6173,0.9998380304502753
25022344B2,20x,6174,25-50%,1,0.00016196954972465177
25022458B2,5x,327,<=5%,327,1.0
25022458B2,20x,4696,<=5%,4696,1.0
25022584B2,5x,210,<=5%,209,0.9952380952380953
25022584B2,5x,210,>50%,1,0.004761904761904762
25022584B2,20x,2946,<=5%,2943,0.9989816700610998
25022584B2,20x,2946,10-25%,3,0.0010183299389002036
25022584B3,5x,80,<=5%,80,1.0
25022584B3,20x,1145,<=5%,1140,0.9956331877729258
25022584B3,20x,1145,25-50%,4,0.0034934497816593887
25022584B3,20x,1145,>50%,1,0.0008733624454148472
25022613B2,5x,115,<=5%,115,1.0
25022613B2,20x,1531,<=5%,1531,1.0
25023174B2,5x,120,<=5%,120,1.0
25023174B2,20x,1416,<=5%,1416,1.0
25023327B3,5x,38,<=5%,38,1.0
25023327B3,20x,510,<=5%,510,1.0
25023687B3,5x,88,<=5%,88,1.0
25023687B3,20x,1213,<=5%,1213,1.0
25023687B4,5x,64,<=5%,64,1.0
25023687B4,20x,882,<=5%,882,1.0
25023828B,5x,256,<=5%,255,0.99609375
25023828B,5x,256,>50%,1,0.00390625
25023828B,20x,3791,<=5%,3791,1.0
25023846B4,5x,211,<=5%,211,1.0
25023846B4,20x,3119,<=5%,3119,1.0
25023935B2,5x,130,<=5%,130,1.0
25023935B2,20x,1863,<=5%,1863,1.0
25023961B2,5x,49,<=5%,49,1.0
25023961B2,20x,622,<=5%,622,1.0
25023972B3,5x,267,<=5%,267,1.0
25023972B3,20x,3897,<=5%,3897,1.0
25024254B2,5x,135,<=5%,135,1.0
25024254B2,20x,1785,<=5%,1785,1.0
25024433B2,5x,177,<=5%,177,1.0
25024433B2,20x,2336,<=5%,2336,1.0
25024695B2,5x,124,<=5%,124,1.0
25024695B2,20x,1743,<=5%,1743,1.0
25024765B2,5x,375,<=5%,375,1.0
25024765B2,20x,5583,<=5%,5583,1.0
25024855B4,5x,157,<=5%,157,1.0
25024855B4,20x,1867,<=5%,1867,1.0
25024875B2,5x,76,<=5%,76,1.0
25024875B2,20x,1097,<=5%,1097,1.0
25024982B1,5x,173,<=5%,173,1.0
25024982B1,20x,2477,<=5%,2477,1.0
25025076B,5x,270,<=5%,270,1.0
25025076B,20x,3951,<=5%,3951,1.0
25025087B,5x,170,<=5%,170,1.0
25025087B,20x,2204,<=5%,2204,1.0
25025097B,5x,261,<=5%,261,1.0
25025097B,20x,3783,<=5%,3783,1.0
25025291B,5x,238,<=5%,236,0.9915966386554622
25025291B,5x,238,>50%,2,0.008403361344537815
25025291B,20x,3428,<=5%,3424,0.9988331388564761
25025291B,20x,3428,>50%,4,0.0011668611435239206
25025293B2,5x,203,<=5%,203,1.0
25025293B2,20x,2659,<=5%,2659,1.0
25025567B4,5x,105,<=5%,105,1.0
25025567B4,20x,1402,<=5%,1402,1.0
25025569B,5x,51,<=5%,51,1.0
25025569B,20x,628,<=5%,628,1.0
25025616B,5x,136,<=5%,136,1.0
25025616B,20x,1913,<=5%,1913,1.0
25025951B,5x,265,<=5%,265,1.0
25025951B,20x,3887,<=5%,3887,1.0
25025954B3,5x,40,<=5%,40,1.0
25025954B3,20x,435,<=5%,435,1.0
25025975B2,5x,154,<=5%,154,1.0
25025975B2,20x,2129,<=5%,2129,1.0
25026103B2,5x,213,<=5%,213,1.0
25026103B2,20x,3274,<=5%,3274,1.0
25026144B2,5x,282,<=5%,282,1.0
25026144B2,20x,4093,<=5%,4093,1.0
25026144B3,5x,252,<=5%,252,1.0
25026144B3,20x,3365,<=5%,3365,1.0
25026285B2,5x,368,<=5%,364,0.9891304347826086
25026285B2,5x,368,25-50%,4,0.010869565217391304
25026285B2,20x,5526,<=5%,5526,1.0
25026294B3,5x,416,<=5%,413,0.9927884615384616
25026294B3,5x,416,25-50%,3,0.007211538461538462
25026294B3,20x,5954,<=5%,5949,0.9991602284178703
25026294B3,20x,5954,25-50%,5,0.0008397715821296608
25026499B3,5x,296,<=5%,296,1.0
25026499B3,20x,4304,<=5%,4304,1.0
25026509B,5x,202,<=5%,202,1.0
25026509B,20x,2939,<=5%,2939,1.0
25026752B,5x,148,<=5%,148,1.0
25026752B,20x,2142,<=5%,2142,1.0
25026782B3,5x,205,<=5%,205,1.0
25026782B3,20x,2791,<=5%,2791,1.0
25026797B2,5x,76,<=5%,76,1.0
25026797B2,20x,1002,<=5%,998,0.9960079840319361
25026797B2,20x,1002,10-25%,4,0.003992015968063872
25027131B2,5x,315,<=5%,315,1.0
25027131B2,20x,4565,<=5%,4565,1.0
25027181B2,5x,135,<=5%,135,1.0
25027181B2,20x,1769,<=5%,1769,1.0
25027181B3,5x,185,<=5%,185,1.0
25027181B3,20x,2519,<=5%,2519,1.0
25027181B4,5x,406,<=5%,406,1.0
25027181B4,20x,6197,<=5%,6197,1.0
25027181B5,5x,316,<=5%,316,1.0
25027181B5,20x,4677,<=5%,4677,1.0
25027181B6,5x,145,<=5%,145,1.0
25027181B6,20x,2130,<=5%,2130,1.0
25027193B,5x,295,<=5%,295,1.0
25027193B,20x,4317,<=5%,4317,1.0
2490980B,5x,394,<=5%,394,1.0
2490980B,20x,5912,<=5%,5908,0.9993234100135318
2490980B,20x,5912,>50%,2,0.00033829499323410016
2490980B,20x,5912,10-25%,2,0.00033829499323410016
2491552B,5x,117,<=5%,112,0.9572649572649573
2491552B,5x,117,>50%,3,0.02564102564102564
2491552B,5x,117,25-50%,2,0.017094017094017096
2491552B,20x,1488,<=5%,1480,0.9946236559139785
2491552B,20x,1488,>50%,8,0.005376344086021506
2491579B,5x,269,<=5%,269,1.0
2491579B,20x,3882,<=5%,3882,1.0
25002379B2,5x,177,<=5%,177,1.0
25002379B2,20x,2523,<=5%,2523,1.0
25002510B2,5x,185,<=5%,185,1.0
25002510B2,20x,2072,<=5%,2063,0.9956563706563707
25002510B2,20x,2072,10-25%,9,0.004343629343629344
25009557B,5x,153,<=5%,153,1.0
25009557B,20x,2222,<=5%,2222,1.0
25027606B3,5x,152,<=5%,152,1.0
25027606B3,20x,2077,<=5%,2077,1.0
25027636B2,5x,344,<=5%,344,1.0
25027636B2,20x,4805,<=5%,4805,1.0
25027718B2,5x,237,<=5%,237,1.0
25027718B2,20x,3523,<=5%,3523,1.0
25027723B4,5x,248,<=5%,248,1.0
25027723B4,20x,3532,<=5%,3532,1.0
25027770B,5x,218,<=5%,218,1.0
25027770B,20x,3071,<=5%,3069,0.9993487463366981
25027770B,20x,3071,10-25%,2,0.0006512536633018561
25028010B2,5x,144,<=5%,144,1.0
25028010B2,20x,1946,<=5%,1946,1.0
25028010B2a,5x,132,<=5%,132,1.0
25028010B2a,20x,1839,<=5%,1839,1.0
25028010B3,5x,239,<=5%,239,1.0
25028010B3,20x,3182,<=5%,3182,1.0
25028014B4,5x,167,<=5%,167,1.0
25028014B4,20x,2330,<=5%,2330,1.0
25028014B5,5x,177,<=5%,177,1.0
25028014B5,20x,2594,<=5%,2594,1.0
25028014B6,5x,81,<=5%,81,1.0
25028014B6,20x,1074,<=5%,1074,1.0
25028014B7,5x,97,<=5%,97,1.0
25028014B7,20x,1311,<=5%,1304,0.9946605644546148
25028014B7,20x,1311,5-10%,7,0.005339435545385202
25028134B,5x,290,<=5%,290,1.0
25028134B,20x,4196,<=5%,4195,0.9997616777883699
25028134B,20x,4196,25-50%,1,0.00023832221163012392
25028147B3,5x,138,<=5%,138,1.0
25028147B3,20x,1958,<=5%,1958,1.0
25028151B2,5x,178,<=5%,177,0.9943820224719101
25028151B2,5x,178,10-25%,1,0.0056179775280898875
25028151B2,20x,2445,<=5%,2445,1.0
25028151B3,5x,283,<=5%,283,1.0
25028151B3,20x,4005,<=5%,4005,1.0
25028186B2,5x,286,<=5%,286,1.0
25028186B2,20x,4181,<=5%,4181,1.0
25028210B2,5x,133,<=5%,133,1.0
25028210B2,20x,1784,<=5%,1784,1.0
25028514B,5x,128,<=5%,128,1.0
25028514B,20x,1741,<=5%,1741,1.0
25028520B3,5x,151,<=5%,151,1.0
25028520B3,20x,2200,<=5%,2199,0.9995454545454545
25028520B3,20x,2200,10-25%,1,0.00045454545454545455
25028738B2,5x,212,<=5%,212,1.0
25028738B2,20x,3080,<=5%,3080,1.0
25028862B2,5x,189,<=5%,189,1.0
25028862B2,20x,2597,<=5%,2597,1.0
25028868B2,5x,120,<=5%,120,1.0
25028868B2,20x,1658,<=5%,1658,1.0
25028879B3,5x,283,<=5%,281,0.9929328621908127
25028879B3,5x,283,25-50%,2,0.007067137809187279
25028879B3,20x,4014,<=5%,4014,1.0
25028885B2,5x,252,<=5%,248,0.9841269841269841
25028885B2,5x,252,>50%,4,0.015873015873015872
25028885B2,20x,3730,<=5%,3717,0.996514745308311
25028885B2,20x,3730,>50%,13,0.003485254691689008
25029134B,5x,267,<=5%,267,1.0
25029134B,20x,3786,<=5%,3786,1.0
25029179B,5x,355,<=5%,355,1.0
25029179B,20x,5002,<=5%,4997,0.999000399840064
25029179B,20x,5002,10-25%,4,0.0007996801279488205
25029179B,20x,5002,>50%,1,0.00019992003198720512
25029425B2,5x,281,<=5%,281,1.0
25029425B2,20x,4198,<=5%,4198,1.0
25029425B3,5x,243,<=5%,243,1.0
25029425B3,20x,3572,<=5%,3572,1.0
25029425B,5x,361,<=5%,361,1.0
25029425B,20x,5429,<=5%,5429,1.0
25029560B2,5x,42,<=5%,42,1.0
25029560B2,20x,536,<=5%,536,1.0
25029565B5,5x,76,<=5%,76,1.0
25029565B5,20x,975,<=5%,975,1.0
25029737B2,5x,239,<=5%,239,1.0
25029737B2,20x,3259,<=5%,3259,1.0
25029906B2,5x,264,<=5%,264,1.0
25029906B2,20x,3730,<=5%,3730,1.0
25030118B2,5x,134,<=5%,134,1.0
25030118B2,20x,1723,<=5%,1723,1.0
25030157B3,5x,93,<=5%,93,1.0
25030157B3,20x,1256,<=5%,1256,1.0
25030157B4,5x,214,<=5%,214,1.0
25030157B4,20x,3100,<=5%,3094,0.9980645161290322
25030157B4,20x,3100,>50%,6,0.001935483870967742
25030334B2,5x,228,<=5%,228,1.0
25030334B2,20x,3202,<=5%,3198,0.9987507807620237
25030334B2,20x,3202,>50%,4,0.0012492192379762648
25030619B2,5x,255,<=5%,253,0.9921568627450981
25030619B2,5x,255,25-50%,1,0.00392156862745098
25030619B2,5x,255,10-25%,1,0.00392156862745098
25030619B2,20x,3387,<=5%,3387,1.0
25030630B,5x,305,<=5%,305,1.0
25030630B,20x,4265,<=5%,4265,1.0
25030750B2,5x,336,<=5%,336,1.0
25030750B2,20x,5104,<=5%,5104,1.0
25030988B4,5x,144,<=5%,144,1.0
25030988B4,20x,2083,<=5%,2083,1.0
25030998B2,5x,226,<=5%,226,1.0
25030998B2,20x,3001,<=5%,3001,1.0
25031267B2,5x,162,<=5%,162,1.0
25031267B2,20x,2345,<=5%,2345,1.0
25031271B2,5x,143,<=5%,143,1.0
25031271B2,20x,1888,<=5%,1880,0.9957627118644068
25031271B2,20x,1888,>50%,8,0.00423728813559322
25031281B2,5x,192,<=5%,192,1.0
25031281B2,20x,2839,<=5%,2839,1.0
25031302B,5x,245,<=5%,245,1.0
25031302B,20x,3539,<=5%,3539,1.0
25031385B4,5x,185,<=5%,185,1.0
25031385B4,20x,2588,<=5%,2588,1.0
25031387B2,5x,350,<=5%,350,1.0
25031387B2,20x,5205,<=5%,5205,1.0
25031411B3,5x,45,<=5%,45,1.0
25031411B3,20x,537,<=5%,537,1.0
25031706B,5x,144,<=5%,144,1.0
25031706B,20x,2044,<=5%,2044,1.0
25031706B2,5x,257,<=5%,257,1.0
25031706B2,20x,3393,<=5%,3393,1.0
25032143B2,5x,95,<=5%,95,1.0
25032143B2,20x,1315,<=5%,1315,1.0
25032143B3,5x,63,<=5%,63,1.0
25032143B3,20x,770,<=5%,770,1.0
25032146B2,5x,20,<=5%,20,1.0
25032146B2,20x,241,<=5%,241,1.0
25032179B3,5x,47,<=5%,47,1.0
25032179B3,20x,604,<=5%,604,1.0
25032245B2,5x,62,<=5%,62,1.0
25032245B2,20x,677,<=5%,677,1.0
25032360B2,5x,189,<=5%,189,1.0
25032360B2,20x,2665,<=5%,2665,1.0
25032626B2,5x,159,<=5%,159,1.0
25032626B2,20x,2265,<=5%,2265,1.0
25032788B4,5x,210,<=5%,210,1.0
25032788B4,20x,2883,<=5%,2883,1.0
25032789B2,5x,254,<=5%,254,1.0
25032789B2,20x,3767,<=5%,3767,1.0
25033169B1,5x,335,<=5%,335,1.0
25033169B1,20x,4928,<=5%,4928,1.0
25033178B4,5x,294,<=5%,294,1.0
25033178B4,20x,4126,<=5%,4126,1.0
25033211B,5x,217,<=5%,217,1.0
25033211B,20x,2931,<=5%,2931,1.0
25033447B4,5x,75,<=5%,75,1.0
25033447B4,20x,1054,<=5%,1054,1.0
25033482B2,5x,101,<=5%,101,1.0
25033482B2,20x,1345,<=5%,1345,1.0
25033486B,5x,281,<=5%,281,1.0
25033486B,20x,3983,<=5%,3983,1.0
25033894B2,5x,89,<=5%,89,1.0
25033894B2,20x,1110,<=5%,1110,1.0
25034245B2,5x,174,<=5%,174,1.0
25034245B2,20x,2513,<=5%,2510,0.9988062077198567
25034245B2,20x,2513,25-50%,3,0.001193792280143255
25034327B2,5x,336,<=5%,336,1.0
25034327B2,20x,5068,<=5%,5063,0.9990134175217048
25034327B2,20x,5068,>50%,5,0.0009865824782951855
25034929B2,5x,274,<=5%,274,1.0
25034929B2,20x,3840,<=5%,3840,1.0
25034940B9,5x,134,<=5%,134,1.0
25034940B9,20x,1891,<=5%,1891,1.0
25034940B8,5x,100,<=5%,100,1.0
25034940B8,20x,1391,<=5%,1391,1.0
25034940B10,5x,125,<=5%,125,1.0
25034940B10,20x,1689,<=5%,1689,1.0
25034940B11,5x,188,<=5%,188,1.0
25034940B11,20x,2700,<=5%,2700,1.0
25034940B12,5x,110,<=5%,110,1.0
25034940B12,20x,1455,<=5%,1455,1.0
25035354B,5x,268,<=5%,266,0.9925373134328358
25035354B,5x,268,5-10%,2,0.007462686567164179
25035354B,20x,3716,<=5%,3715,0.9997308934337998
25035354B,20x,3716,25-50%,1,0.00026910656620021526
25035354B2,5x,127,<=5%,127,1.0
25035354B2,20x,1653,<=5%,1653,1.0
25035354B3,5x,241,<=5%,241,1.0
25035354B3,20x,3318,<=5%,3318,1.0
25035882B3,5x,137,<=5%,137,1.0
25035882B3,20x,1905,<=5%,1905,1.0
25035882B4,5x,114,<=5%,114,1.0
25035882B4,20x,1431,<=5%,1431,1.0
25036226B4,5x,241,<=5%,241,1.0
25036226B4,20x,3409,<=5%,3409,1.0
25036333B3,5x,59,<=5%,59,1.0
25036333B3,20x,697,<=5%,697,1.0
25036340B1,5x,101,<=5%,101,1.0
25036340B1,20x,1318,<=5%,1318,1.0
25036341B,5x,77,<=5%,77,1.0
25036341B,20x,1072,<=5%,1072,1.0
25036634B2,5x,147,<=5%,147,1.0
25036634B2,20x,2063,<=5%,2063,1.0
25041732B,5x,253,<=5%,253,1.0
25041732B,20x,3838,<=5%,3838,1.0
25041763B,5x,337,<=5%,337,1.0
25041763B,20x,5032,<=5%,5032,1.0
25042220B2,5x,356,<=5%,356,1.0
25042220B2,20x,5216,<=5%,5216,1.0
25042465B3,5x,197,<=5%,197,1.0
25042465B3,20x,2919,<=5%,2919,1.0
25042830B2,5x,157,<=5%,157,1.0
25042830B2,20x,2308,<=5%,2308,1.0
25043126B2,5x,84,<=5%,84,1.0
25043126B2,20x,1222,<=5%,1222,1.0
25043600B3,5x,102,<=5%,102,1.0
25043600B3,20x,1399,<=5%,1399,1.0
25044694B,5x,290,<=5%,286,0.9862068965517241
25044694B,5x,290,10-25%,1,0.0034482758620689655
25044694B,5x,290,>50%,1,0.0034482758620689655
25044694B,5x,290,25-50%,2,0.006896551724137931
25044694B,20x,4237,<=5%,4234,0.999291951852726
25044694B,20x,4237,25-50%,3,0.0007080481472740147
25045403B,5x,74,<=5%,74,1.0
25045403B,20x,945,<=5%,945,1.0
25045403B-1,5x,83,<=5%,83,1.0
25045403B-1,20x,1115,<=5%,1115,1.0
25045403B2,5x,79,<=5%,79,1.0
25045403B2,20x,1088,<=5%,1088,1.0
25045450B2,5x,48,<=5%,48,1.0
25045450B2,20x,576,<=5%,576,1.0
25045450B5,5x,186,<=5%,185,0.9946236559139785
25045450B5,5x,186,>50%,1,0.005376344086021506
25045450B5,20x,2587,<=5%,2586,0.9996134518747584
25045450B5,20x,2587,>50%,1,0.00038654812524159255
25045625B3,5x,154,<=5%,154,1.0
25045625B3,20x,2225,<=5%,2225,1.0
25045625B1,5x,153,<=5%,153,1.0
25045625B1,20x,2202,<=5%,2202,1.0
25045625B2,5x,232,<=5%,232,1.0
25045625B2,20x,3377,<=5%,3360,0.9949659461060113
25045625B2,20x,3377,5-10%,9,0.0026650873556411016
25045625B2,20x,3377,10-25%,8,0.0023689665383476457
25045676B4,5x,245,<=5%,245,1.0
25045676B4,20x,3477,<=5%,3477,1.0
25045801B2,5x,136,<=5%,136,1.0
25045801B2,20x,1735,<=5%,1735,1.0
25045801B1,5x,109,<=5%,109,1.0
25045801B1,20x,1546,<=5%,1546,1.0
25045807B4,5x,50,<=5%,50,1.0
25045807B4,20x,598,<=5%,598,1.0
25045829B2,5x,298,<=5%,298,1.0
25045829B2,20x,4354,<=5%,4354,1.0
25045839B,5x,240,<=5%,240,1.0
25045839B,20x,3188,<=5%,3188,1.0
25046521B3,5x,162,<=5%,162,1.0
25046521B3,20x,2300,<=5%,2300,1.0
25046631B2,5x,240,<=5%,240,1.0
25046631B2,20x,3437,<=5%,3437,1.0
25046855B,5x,228,<=5%,226,0.9912280701754386
25046855B,5x,228,10-25%,2,0.008771929824561403
25046855B,20x,3144,<=5%,3135,0.9971374045801527
25046855B,20x,3144,>50%,9,0.0028625954198473282
25047066B,5x,194,<=5%,194,1.0
25047066B,20x,2568,<=5%,2568,1.0
25047067B2,5x,194,<=5%,194,1.0
25047067B2,20x,2784,<=5%,2784,1.0
25047077B2,5x,189,<=5%,188,0.9947089947089947
25047077B2,5x,189,25-50%,1,0.005291005291005291
25047077B2,20x,2735,<=5%,2734,0.9996343692870201
25047077B2,20x,2735,5-10%,1,0.00036563071297989033
25047088B,5x,81,<=5%,81,1.0
25047088B,20x,1126,<=5%,1126,1.0
25047401B2,5x,209,<=5%,209,1.0
25047401B2,20x,2996,<=5%,2991,0.9983311081441922
25047401B2,20x,2996,25-50%,5,0.0016688918558077437
25047538B2,5x,122,<=5%,122,1.0
25047538B2,20x,1719,<=5%,1719,1.0
25047815B,5x,203,<=5%,203,1.0
25047815B,20x,2890,<=5%,2890,1.0
25047835B3,5x,94,<=5%,94,1.0
25047835B3,20x,1239,<=5%,1239,1.0
25047844B2,5x,119,<=5%,119,1.0
25047844B2,20x,1542,<=5%,1542,1.0
25047972B2,5x,211,<=5%,211,1.0
25047972B2,20x,3038,<=5%,3038,1.0
25048256B2,5x,274,<=5%,273,0.9963503649635036
25048256B2,5x,274,10-25%,1,0.0036496350364963502
25048256B2,20x,3921,<=5%,3921,1.0
25048633B2,5x,191,<=5%,191,1.0
25048633B2,20x,2771,<=5%,2771,1.0
25048669B2,5x,347,<=5%,347,1.0
25048669B2,20x,4821,<=5%,4821,1.0
25049669B3,5x,287,<=5%,287,1.0
25049669B3,20x,4306,<=5%,4306,1.0
25049966B2,5x,132,<=5%,132,1.0
25049966B2,20x,1912,<=5%,1912,1.0
25049999B2,5x,201,<=5%,201,1.0
25049999B2,20x,2832,<=5%,2832,1.0
25050326B,5x,126,<=5%,126,1.0
25050326B,20x,1893,<=5%,1893,1.0
25050345B2,5x,220,<=5%,220,1.0
25050345B2,20x,3075,<=5%,3075,1.0
25050415B2,5x,314,<=5%,313,0.9968152866242038
25050415B2,5x,314,>50%,1,0.0031847133757961785
25050415B2,20x,4480,<=5%,4480,1.0
25050830B2,5x,166,<=5%,166,1.0
25050830B2,20x,2153,<=5%,2153,1.0
25050862B2,5x,282,<=5%,282,1.0
25050862B2,20x,4031,<=5%,4031,1.0
25050888B2,5x,108,<=5%,108,1.0
25050888B2,20x,1540,<=5%,1540,1.0
25050888B3,5x,81,<=5%,81,1.0
25050888B3,20x,1015,<=5%,1015,1.0
25050984B2,5x,243,<=5%,243,1.0
25050984B2,20x,3439,<=5%,3439,1.0
25051008B4,5x,153,<=5%,153,1.0
25051008B4,20x,1989,<=5%,1989,1.0
25051207B5,5x,140,<=5%,140,1.0
25051207B5,20x,1969,<=5%,1969,1.0
25052288B,5x,96,<=5%,96,1.0
25052288B,20x,1199,<=5%,1199,1.0
25052316B,5x,180,<=5%,180,1.0
25052316B,20x,2539,<=5%,2539,1.0
25052654B2,5x,69,<=5%,69,1.0
25052654B2,20x,939,<=5%,939,1.0
25053425B2,5x,117,<=5%,117,1.0
25053425B2,20x,1538,<=5%,1538,1.0
25053683B2,5x,232,<=5%,232,1.0
25053683B2,20x,3292,<=5%,3292,1.0
25054130B1,5x,215,<=5%,215,1.0
25054130B1,20x,3032,<=5%,3032,1.0
25054130B2,5x,71,<=5%,71,1.0
25054130B2,20x,975,<=5%,975,1.0
25054212B,5x,256,<=5%,256,1.0
25054212B,20x,3745,<=5%,3745,1.0
25054489B3,5x,220,<=5%,220,1.0
25054489B3,20x,3278,<=5%,3278,1.0
25054693B2,5x,269,<=5%,269,1.0
25054693B2,20x,3966,<=5%,3966,1.0
25055380B2,5x,319,<=5%,319,1.0
25055380B2,20x,4783,<=5%,4783,1.0
25055681B2,5x,139,<=5%,139,1.0
25055681B2,20x,1913,<=5%,1913,1.0
25055778B2,5x,345,<=5%,345,1.0
25055778B2,20x,4815,<=5%,4815,1.0
25055784B2,5x,254,<=5%,254,1.0
25055784B2,20x,3530,<=5%,3530,1.0
25055857B2,5x,258,<=5%,258,1.0
25055857B2,20x,3413,<=5%,3413,1.0
25057854B3,5x,102,<=5%,102,1.0
25057854B3,20x,1408,<=5%,1408,1.0
25057856B2,5x,229,<=5%,229,1.0
25057856B2,20x,3470,<=5%,3470,1.0
25057858B2,5x,212,<=5%,212,1.0
25057858B2,20x,2892,<=5%,2892,1.0
25057865B1,5x,310,<=5%,310,1.0
25057865B1,20x,4598,<=5%,4598,1.0
25058118B3,5x,96,<=5%,95,0.9895833333333334
25058118B3,5x,96,>50%,1,0.010416666666666666
25058118B3,20x,1259,<=5%,1253,0.9952343129467831
25058118B3,20x,1259,25-50%,2,0.0015885623510722795
25058118B3,20x,1259,>50%,4,0.003177124702144559
25058118B4,5x,275,<=5%,275,1.0
25058118B4,20x,3920,<=5%,3920,1.0
25058627B2,5x,209,<=5%,209,1.0
25058627B2,20x,2976,<=5%,2976,1.0
25058713B2,5x,187,<=5%,187,1.0
25058713B2,20x,2745,<=5%,2745,1.0
25058746B4,5x,182,<=5%,182,1.0
25058746B4,20x,2630,<=5%,2630,1.0
25059470B2,5x,144,<=5%,144,1.0
25059470B2,20x,2019,<=5%,2019,1.0
25059686B2,5x,291,<=5%,291,1.0
25059686B2,20x,4295,<=5%,4295,1.0
25060539B2,5x,295,<=5%,295,1.0
25060539B2,20x,4445,<=5%,4445,1.0
25061727B2,5x,282,<=5%,281,0.9964539007092199
25061727B2,5x,282,>50%,1,0.0035460992907801418
25061727B2,20x,4032,<=5%,4030,0.9995039682539683
25061727B2,20x,4032,>50%,2,0.000496031746031746
25062444B,5x,191,<=5%,191,1.0
25062444B,20x,2781,<=5%,2781,1.0
25062891B4,5x,55,<=5%,55,1.0
25062891B4,20x,714,<=5%,711,0.9957983193277311
25062891B4,20x,714,25-50%,2,0.0028011204481792717
25062891B4,20x,714,>50%,1,0.0014005602240896359
25063228B5,5x,101,<=5%,101,1.0
25063228B5,20x,1242,<=5%,1242,1.0
25063371B2,5x,237,<=5%,237,1.0
25063371B2,20x,3277,<=5%,3277,1.0
25063642B,5x,131,<=5%,131,1.0
25063642B,20x,1913,<=5%,1913,1.0
25063642B2,5x,35,<=5%,35,1.0
25063642B2,20x,464,<=5%,464,1.0
25063676B,5x,75,<=5%,75,1.0
25063676B,20x,1079,<=5%,1079,1.0
25063676B2,5x,184,<=5%,184,1.0
25063676B2,20x,2436,<=5%,2436,1.0
25063700B,5x,107,<=5%,107,1.0
25063700B,20x,1530,<=5%,1530,1.0
