slide_id,low_no_child_count,high_no_parent_count,low_count,high_count
2460239-B2,0,180,187,2592
2460242-B2,0,59,426,6128
2460399-B2,0,19,285,4103
2460404-B3,0,255,308,4243
2460405-B2,0,128,128,1742
2460591-B2,0,194,253,3248
2460602-B,0,73,252,3707
2460628-B2,0,78,190,2668
2460641-B2,0,65,242,3511
2460643-B,0,54,182,2656
2460753-B2,0,161,201,2859
2460770-B2,0,129,181,2521
2460949-B3,0,48,200,2813
2460960-B,0,125,343,4901
2460974-B2,0,72,234,3353
2461002-B2,0,62,135,1733
2461487-B2,0,67,232,3195
2461671-B2,0,65,328,4887
2461672-B2,0,88,212,2880
2461677-B2,0,58,60,812
2461698-B,0,140,239,3447
2461700-B2,0,47,74,996
2461703-B3,0,119,253,3694
2461718-B3,0,112,82,1067
2461755-B3,0,83,247,3325
2461836-B2,0,93,144,1998
2461857-B2,0,47,159,2091
2461861-B2,0,8,62,890
2462123-B2,0,33,122,1715
2462170-B4,0,73,117,1562
2462290-B2,0,65,286,4236
2462293-B3,0,16,127,1781
2462478-B2,0,296,152,2029
2462483-B,0,105,85,1108
2462598-B,0,227,195,2744
2462614-B3,0,76,225,3283
2462637-B2,0,54,277,3864
2462830-B2,0,39,103,1417
2462830-B4,0,106,210,3080
2462840-B5,0,66,286,4219
2462885-B2,0,106,272,3661
2462920-B3,0,82,273,3827
2462921-B,0,80,311,4466
2462987-B2,0,68,139,2010
2463126-B2,0,29,144,2101
2463127-B3,0,44,261,3791
2463135-B,0,23,307,4547
2463187-B2,0,24,110,1511
2463351-B4,0,55,175,2436
2463370-B2,0,37,192,2726
2463379-B4,0,44,153,2079
2463404-B2,0,79,217,2935
2463643-B,0,107,241,3440
2463647-B2,0,40,204,2934
2463656-B2,0,75,157,2076
2463720-B7,0,89,207,3024
2464404-B5,0,100,207,2935
2464438-B5,0,25,98,1244
2464443-B,0,47,254,3687
2464548-B,0,83,337,4999
2464690-B2,0,78,244,3451
2464812-B3,0,103,254,3682
2464817-B,0,61,265,3919
2464879-B2,0,69,268,3955
2464929-B,0,78,291,4295
2464943-B2,0,52,323,4501
2465202-B3,0,96,269,3876
2465243-B2,0,48,348,5204
2465263-B2,0,79,163,2322
2465339-B2,0,93,427,6254
2465367-B3,0,60,125,1600
2465396-B2,0,227,165,2463
2465397-B,0,34,157,2289
2465568-B2,0,88,188,2648
2465608-B2,0,212,259,3741
2465625-B,0,171,172,2395
2465636-B,0,47,230,3335
2465639-B2,0,34,137,1782
2465643-B3,0,68,251,3735
2465661-B2,0,52,189,2618
2465795-B4,0,175,293,4156
2465827-B5,0,36,211,3054
2465843-B2,0,94,269,3656
2465989-B2,0,53,205,2922
2466152-B2,0,34,155,2250
2466159-B2,0,41,234,3385
2466264-B2,0,41,188,2653
2466285-B,0,57,154,2263
2466580-B5,0,71,102,1408
2466581-B1,0,16,300,4444
2466581-B2,0,46,175,2334
2466584-B,0,49,206,2916
2466703-B4,0,49,73,992
2466718-B,0,29,317,4685
2466866-B,0,108,206,2678
2466881-B2,0,53,212,2895
2466884-B2,0,40,136,1821
2466891-B2,0,54,435,6508
2466893-B2,0,29,192,2822
2466898-B2,0,46,276,4081
2466899-B2,0,118,218,2867
2466923-B2,0,28,115,1560
2468105-B2,0,212,299,4143
2468321-B2,0,32,141,1885
2468325-B,0,37,167,2302
2468417-B2,0,54,184,2528
2468419-B2,0,51,316,4617
2468419-B3,0,80,249,3633
2468442-B2,0,159,396,5816
2468450-B2,0,29,183,2583
2468673-B2,0,121,158,2236
2468698-B2,0,52,276,3932
2468720-B2,0,38,244,3495
2468796-B3,0,68,295,4342
2468954-B2,0,73,107,1402
2469004-B2,0,46,173,2188
2469005-B2,0,28,238,3361
2469007-B2,0,50,157,2149
2469019-B2,0,19,257,3594
2469023-B2,0,15,173,2504
2469023-B4,0,38,173,2349
2469024-B,0,18,115,1556
2469029-B2,0,31,162,2168
2469033-B2,0,17,79,1058
2469047-B2,0,55,212,3009
2469072-B2,0,157,203,2721
2469074-B2,0,19,104,1517
2469110-B3,0,12,189,2706
2469230-B,0,50,319,4468
2469256-B2,0,80,195,2709
2469260-B3,0,70,201,3062
2469496-B,0,116,264,3630
2469505-B2,0,285,252,3503
2469515-B2,0,25,83,1046
2469569-B2,0,25,67,877
2469661-B,0,92,94,1184
2469693-B,0,108,340,4975
2469849-B2,0,141,178,2512
2469916-B2,0,90,225,2967
2469927-B2,0,75,196,2593
2469963-B2,0,112,275,4073
2469965-B2,0,47,302,4290
2469969-B2,0,91,176,2451
2470260-B,0,71,287,4280
2470270-B2,0,28,176,2510
2470405-B2,0,101,253,3708
2470647-B2,0,67,318,4267
2470657-B3,0,37,472,7128
2471072-B2,0,72,263,3844
2471237-B2,0,100,463,6815
2471442-B3,0,27,261,3765
2471452-B2,0,90,132,1772
2471595-B3,0,62,321,4641
2471618-B3,0,98,258,3840
2471884-B2,0,71,140,1810
2471885-B2,0,101,128,1739
2471887-B,0,97,223,3135
2471921-B2,0,39,196,2810
2471957-B,0,23,85,1104
2471959-B2,0,100,167,2280
2471963-B,0,143,280,3985
2472316-B7,0,11,46,609
2472453-B2,0,17,84,1089
2472465-B2,0,19,249,3586
2472471-B2,0,87,190,2694
2472481-B2,0,27,155,2139
2472500-B2,0,8,141,1962
2472505-B,0,18,112,1592
2472509-B4,0,57,245,3499
2472509-B6,0,25,461,6909
2473212-B4,0,43,187,2489
2473218-B2,0,109,321,4586
2473218-B3,0,45,255,3592
2473228-B2,0,72,188,2583
2473266-B,0,62,201,2728
2473272-B3,0,58,247,3338
2473366-B2,0,54,228,3002
2473394-B2,0,80,295,4135
2473534-B2,0,50,228,3213
2473545-B2,0,74,422,6025
2473545-B3,0,43,248,3653
2473549-B,0,68,234,3285
2473600-B3,0,124,321,4559
2473608-B2,0,32,299,4453
2473621-B3,0,106,158,2107
2473623-B2,0,0,73,947
2473738-B3,0,15,264,3919
2474124-B2,0,218,209,3104
2474140-B3,0,80,227,3068
2474150-B3,0,25,220,3180
2474188-B2,0,76,317,4656
2474189-B7,0,24,61,844
2474291-B2,0,42,316,4662
2474337-B3,0,56,301,4367
2474500-B2,0,180,257,3784
2474612-B2,0,45,268,3923
2474626-B2,0,92,212,3019
2474631-B3,0,38,293,4105
2474638-B3,0,16,155,2249
2474704-B2,0,4,144,2111
2474718-B4,0,46,154,2123
2474721-B,0,80,309,4548
2474739-B2,0,59,315,4727
2474901-B,0,42,250,3626
2475011-B2,0,30,183,2646
2475022-B,0,45,224,3274
2475126-B2,0,93,231,3334
2475159-B,0,5,178,2588
2475184-B2,0,44,243,3242
2475349-B2,0,88,132,1861
2476242-B2,0,38,240,3500
2476250-B2,0,44,79,1047
2476252-B2,0,17,120,1594
2476295-B3,0,77,249,3732
2476358-B2,0,70,212,3078
2476376-B2,0,124,262,3675
2476391-B2,0,41,154,2214
2476681-B2,0,67,172,2291
2476750-B,0,49,320,4596
2476834-B3,0,68,303,4328
2476856-B2,0,57,260,3535
2476983-B,0,44,181,2273
2476984-B2,0,11,79,1070
2477039-B,0,24,247,3531
2477053-B3,0,4,396,5849
2477058-B2,0,78,224,3382
2477118-B3,0,9,221,3195
2477118-B4,0,16,167,2364
2477189-B2,0,15,291,4316
2477189-B3,0,18,129,1775
2477274-B3,0,24,127,1675
2477285-B2,0,24,221,3146
2477299-B2,0,124,396,5990
2477473-B2,0,141,280,4199
2477476-B2,0,55,313,4584
2477541-B2,0,42,141,1847
2477577-B3,0,48,254,3569
2477668-B3,0,90,316,4604
2477670-B2,0,45,262,3685
2477695-B2,0,56,305,4519
2477809-B3,0,36,202,3004
2477814-B5,0,5,143,2119
2477941-B2,0,9,272,3942
2477949-B2,0,30,188,2718
2477977-B3,0,51,192,2568
2478091-B4,0,8,273,4055
2481696-B4,0,21,181,2513
2481703-B2,0,54,237,3370
2481723-B2,0,123,214,3045
2481750-B2,0,32,248,3545
2482055-B2,0,108,332,4895
2482056-B4,0,167,223,3063
2482056-B9,0,71,187,2621
2482461-B2,0,30,266,3947
2482483-B2,0,5,339,4942
2482607-B,0,89,251,3517
2482886-B2,0,48,299,4097
2482896-B2,0,30,143,1878
2482947-B2,0,35,148,2208
2482952-B2,0,14,235,3325
2482956-B,0,5,100,1329
2482957-B2,0,22,143,2109
2482962-B2,0,58,105,1333
2482964-B2,0,41,475,6988
2482969-B,0,37,302,4318
2482992-B,0,11,236,3302
2483014-B4,0,80,281,3930
2483055-B2,0,86,270,3762
2483211-B2,0,130,288,4031
2483215-B5,0,32,228,3269
2483215-B6,0,33,315,4686
2483220-B1,0,13,286,3900
2483363-B3,0,95,349,5012
2483768-B4,0,2,148,1903
2483846-B,0,39,194,2766
2483862-B2,0,28,198,2674
2483868-B4,0,17,244,3630
2483961-B3,0,21,190,2652
2483973-B1,0,136,300,4402
2483993-B2,0,33,228,3420
2484004-B2,0,38,309,4442
2484209-B2,0,26,393,5862
2484220-B3,0,13,378,5652
2484228-B,0,11,467,6897
2484301-B2,0,41,254,3770
2484312-B2,0,1,305,4562
2484463-B2,0,113,219,3250
2484633-B2,0,44,153,2125
2484727-B2,0,15,145,2090
2484734-B4,0,57,190,2582
2484734-B5,0,19,97,1369
2484743-B4,0,21,120,1729
2484771-B3,0,61,95,1210
2484791-B3,0,14,79,1067
2484883-B2,0,56,258,3583
2485059-B2,0,62,265,3915
2485259-B6,0,24,174,2328
2485275-B2,0,38,320,4591
2485303-B2,0,34,247,3388
2485318-B2,0,57,116,1626
2485322-B2,0,26,95,1214
2485328-B2,0,18,191,2630
2485517-B2,0,65,84,1068
2485635-B2,0,53,253,3774
2485803-B2,0,54,519,7752
2485805-B,0,45,362,5106
2485969-B2,0,123,403,5798
2486100-B,0,23,280,4110
2486104-B1,0,78,111,1420
2486104-B2,0,67,111,1527
2486165-B2,0,65,247,3554
2486191-B,0,23,252,3667
2486197-B2,0,15,256,3655
2486262-B4,0,52,141,2018
2486653-B2,0,20,244,3569
2486653-B3,0,51,318,4719
2486687-B3,0,22,211,3060
2486812-B2,0,85,294,4161
2486813-B2,0,24,108,1446
2486833-B2,0,42,154,2205
2486845-B2,0,88,154,2100
2486859-B2,0,230,60,944
2487140-B2,0,115,140,1907
2487143-B,0,82,204,2900
2487146-B2,0,42,156,2196
2487237-B2,0,27,191,2685
2487246-B2,0,29,90,1227
2487274-B2,0,11,197,2764
2487376-B2,0,21,344,5115
2487388-B2,0,28,239,3526
2487558-B2,0,18,137,1895
2487651-B,0,6,160,2295
2487656-B4,0,44,196,2661
2487664-B2,0,32,126,1748
2487896-B2,0,56,198,2495
2487935-B2,0,97,236,3434
2487941-B2,0,33,126,1654
2488039-B2,0,49,232,3196
2488044-B2,0,84,298,4181
2488044-B3,0,79,283,3998
2488050-B3,0,38,243,3528
2488065-B3,0,44,162,2276
2488320-B3,0,10,121,1703
2488330-B2,0,97,277,4011
2488344-B2,0,15,143,2098
2488369-B2,0,30,367,5365
2488475-B2,0,19,138,1880
2488477-B2,0,52,159,2259
2488767-B,0,26,478,7110
2488769-B2,0,60,161,2229
2488806-B2,0,65,311,4653
2488916-B2,0,42,463,6989
2488932-B4,0,73,377,5478
2489131-B3,0,120,55,803
2489137-B4,0,32,358,5205
2489182-B2,0,74,275,3726
2489203-B,0,38,388,5588
2489331-B2,0,232,221,3091
25012148B4,0,68,280,4023
25012153B2,0,44,216,3047
25012170B4,0,122,202,2651
25012170B5,0,123,271,3902
25012175B4,0,33,122,1586
25012253B3,0,25,101,1418
25012485B2,0,185,293,4287
25012628B2,0,20,173,2487
25012760B2,0,78,429,6463
25012785B2,0,77,349,4855
25012915B2,0,71,308,4380
25012919B8,0,20,210,3023
25012919B9,0,19,235,3360
25013023B2,0,91,352,5101
25013062B3,0,40,143,2113
25013162B2,0,67,177,2510
25013189B2,0,64,251,3510
25013189B3,0,38,250,3468
25013352B2,0,8,445,6447
25013465B2,0,73,347,5209
25013871B6,0,225,359,5249
25013878B2,0,52,265,3613
25014124B2,0,101,352,5133
25014160B2,0,69,168,2297
25014217B2,0,2,46,571
25014217B3,0,77,125,1679
25014226B2,0,123,236,3314
25014265B2,0,29,199,2711
25014268B,0,54,172,2332
25014311B2,0,55,132,1752
25014318B,0,100,125,1708
25014684B,0,27,400,5744
25015070B2,0,111,218,3053
25015087B2,0,91,225,3171
25015101B2,0,15,205,2961
25015103B2,0,34,134,1841
25015190B2,0,94,241,3479
25015204B2,0,87,272,4122
25015234B2,0,127,214,2869
25015408B3,0,26,149,2090
25015422B,0,103,168,2324
25015425B2,0,58,329,4334
25015488B2,0,51,183,2604
25015495B3,0,202,144,2146
25015495B4,0,81,219,3259
25015607B2,0,112,185,2657
25015622B2,0,127,289,3802
25015625B2,0,261,199,2904
25015811B3,0,41,114,1417
25015811B4,0,107,278,3983
25015820B,0,26,300,4362
25015863B2,0,100,363,5419
25015870B3,0,74,180,2419
25016077B2,0,16,127,1776
25016088B2,0,27,228,3359
25016772B2,0,48,345,4967
25016785B2,0,82,420,6163
25016801B2,0,37,370,5448
25016829B2,0,82,201,2897
25016903B4,0,40,274,3930
25016905B4,0,40,165,2378
25016915B2,0,45,193,2497
25016926B2,0,120,292,4024
25017089B2,0,126,308,4519
25017211B2,0,56,264,3869
25017218B3,0,56,157,1970
25017220B2,0,199,259,3397
25017227B2,0,37,314,4567
25017242B2,0,15,279,4033
25017320B2,0,65,283,4129
25017322B2,0,36,333,4954
25017338B3,0,24,309,4511
25017341B4,0,74,108,1485
25017354B5,0,34,119,1549
25017355B1,0,27,321,4467
25017372B2,0,67,152,1867
25017383B2,0,33,174,2570
25017515B2,0,28,412,6028
25017518B2,0,140,328,4794
25017538B4,0,86,226,3081
25017539B2,0,124,275,4009
25017539B3,0,38,333,4823
25017589B6,0,112,153,2176
25017711B,0,72,384,5679
25017716B2,0,11,218,3169
25017718B2,0,98,214,3188
25017738B2,0,20,334,4902
25017748B2,0,68,192,2671
25017767B2,0,34,210,2984
25017932B2,0,39,93,1261
25017948B3,0,16,288,4183
25018002B2,0,43,249,3688
25018050B2,0,39,195,2805
25018453B2,0,61,168,2250
25018457B2,0,47,282,4148
25018571B2,0,61,339,4925
25018910B2,0,40,145,2088
25019081B3,0,9,301,4444
25019102B4,0,68,312,4517
25019107B,0,2,235,3417
25019283B2,0,68,166,2178
25019284B2,0,61,244,3526
25019352B2,0,30,232,3152
25019376B2,0,44,412,6083
25019379B,0,15,219,3103
25019384B2,0,39,226,3241
25019457B2,0,23,192,2629
25019468B2,0,24,185,2556
25019508B4,0,10,178,2594
25019621B2,0,40,124,1765
25019621B4,0,15,181,2623
25019716B2,0,45,186,2594
25019773B3,0,1,139,1993
25019776B2,0,57,287,4229
25019790B2,0,63,438,6505
25019806B2,0,63,220,3141
25020257B2,0,56,287,4243
25020263B2,0,82,348,4827
25020282B2,0,50,342,5158
25020291B2,0,28,159,2136
25020573B3,0,34,286,4278
25020714B2,0,46,515,7718
25020717B2,0,145,219,3029
25020760B3,0,90,319,4559
25021120B4,0,40,281,4056
25021164B2,0,24,355,5257
25021171B2,0,28,136,1875
25021197B2,0,39,228,3106
25021260B2,0,16,260,3839
25021291B2,0,97,267,3862
25021419B1,0,97,317,4554
25021474B,0,34,171,2233
25021481B2,0,8,170,2451
25021538B2,0,22,269,3677
25021554B2,0,26,270,3937
25021575B4,0,15,95,1255
25021622B4,0,23,139,1976
25021640B3,0,34,392,5874
25021658B3,0,49,245,3291
25021662B2,0,9,243,3524
25021667B2,0,43,244,3355
25021668B2,0,167,174,2528
25021893B2,0,156,317,4645
25021894B2,0,44,250,3640
25021894B3,0,64,195,2791
25021901B2,0,23,318,4812
25021911B2,0,27,299,4120
25021918B4,0,25,288,4212
25021973B2,0,77,273,3837
25022019B2,0,6,112,1494
25022038B2,0,17,111,1581
25022262B2,0,109,242,3520
25022278B2,0,68,201,2839
25022330B2,0,66,269,3644
25022343B3,0,25,268,3850
25022354B2,0,50,312,4538
25022406B2,0,43,217,3157
25023016B6,0,90,362,5337
25023184B2,0,49,394,5792
25023573B,0,78,191,2681
25023590B3,0,134,222,2995
25023590B4,0,34,166,2256
25023687B2,0,121,234,3293
25023690B3,0,85,170,2315
25023814B,0,55,287,4032
25023869B3,0,107,136,1964
25023869B4,0,140,202,2761
25023930B2,0,58,138,1892
25023934B2,0,35,359,5427
25023936B2,0,9,235,3380
25023977B2,0,110,200,2514
25024142B2,0,40,131,1713
25024243B2,0,108,281,4146
25024302B4,0,23,166,2287
25024310B3,0,81,405,5984
25024431B,0,17,196,2750
25024688B2,0,27,171,2465
25024698B4,0,24,311,4574
25024709B2,0,65,239,3587
25024732B2,0,33,192,2729
25024855B3,0,30,126,1763
25024878B3,0,32,324,4685
25024982B2,0,37,261,3821
25024983B2,0,93,291,4255
25025083B2,0,68,217,3283
25025096B2,0,42,330,4868
25025102B2,0,184,401,5777
25025109B2,0,66,359,5272
25025240B,0,20,146,2110
25025245B2,0,59,247,3596
25025251B,0,33,206,2941
25025262B2,0,20,196,2904
25025297B,0,5,310,4651
25025298B2,0,24,386,5726
25025506B,0,78,218,3046
25025509B2,0,25,229,3442
25025510B1,0,18,336,5062
25025510B3,0,12,325,4841
25025567B3,0,14,287,4188
25025570B2,0,24,422,6303
25025575B2,0,19,385,5776
25025602B2,0,48,506,7540
25025675B2,0,57,310,4414
25025788B2,0,80,445,6674
25025953B2,0,114,410,5950
25025960B2,0,109,195,2649
25026075B2,0,0,196,2883
25026081B2,0,3,240,3397
25026103B3,0,37,174,2557
25026163B,0,44,336,4868
25026180B2,0,63,415,6279
25026254B2,0,20,379,5696
25026291B2,0,96,450,6838
25026669B2,0,135,233,3176
25026740B2,0,147,333,4969
25026798B2,0,213,410,5921
25027122B2,0,28,247,3580
25027135B3,0,47,196,2843
25027167B2,0,8,239,3488
25027290B2,0,60,420,6087
25012148B3,0,79,239,3493
25017073B2,0,40,148,2194
25018584B,0,132,246,3393
25018592B,0,23,98,1359
2490526B3,0,77,201,2774
2490547B2,0,92,189,2521
2490750B4,0,10,79,1097
2490820B2,0,32,133,1812
2490820B3,0,15,134,1844
2490837B2,0,34,209,2909
2490844B1,0,41,265,3668
2490860B2,0,9,291,4208
2490963B2,0,44,258,3611
2490964B2,0,125,113,1439
2490972B8,0,50,191,2801
2490978B2,0,11,138,1934
2491131B2,0,29,264,3875
2491191B2,0,49,223,3305
2491191B3,0,30,315,4558
2491226B2,0,41,193,2680
2491275B2,0,42,214,3062
2491560B2,0,74,128,1611
25001929B3,0,32,179,2411
25001939B2,0,14,241,3385
25001965B2,0,16,150,2014
25001966B2,0,63,259,3708
25002073B3,0,22,172,2331
25002238B,0,35,343,4907
25002328B2,0,17,87,1120
25002329B2,0,44,252,3519
25002366B6,0,120,246,3546
25002388B2,0,12,109,1373
25002391B2,0,24,220,3101
25002472B2,0,13,363,5416
25002496B2,0,11,109,1437
25002504B2,0,104,346,5058
25002663B5,0,20,341,5073
25002744B2,0,40,195,2776
25002788B2,0,34,211,3013
25002789B2,0,11,249,3576
25002801B1,0,21,168,2401
25002804B2,0,25,333,4763
25002897B2,0,52,177,2569
25002898B2,0,47,105,1484
25002906B2,0,20,186,2697
25002907B3,0,20,189,2681
25003038B2,0,74,392,5702
25009124B2,0,121,223,3331
25009148B3,0,83,176,2470
25009148B4,0,51,124,1748
25009294B2,0,98,210,3106
25009297B,0,11,344,5102
25009367B2,0,46,252,3738
25009529B2,0,75,170,2464
25009539B3,0,100,222,3086
25009578B4,0,87,287,4092
25009747B,0,101,293,4150
25009756B2,0,125,236,3381
25015064B,0,8,74,1022
2460615-B4,0,36,157,2071
2460943-B3,0,27,98,1349
2462468-B2,0,194,197,2686
2462609-B2,0,29,61,821
2462939-B,0,26,99,1451
2463367-B2,0,83,301,4380
2476286-B2,0,98,302,4315
2476299-B2,0,9,227,3089
2476693-B3,0,119,220,3003
2477926-B4,0,29,156,2143
2482111-B2,0,35,424,6180
2482883-B2,0,139,390,5651
2483073-B3,0,54,231,3203
2483850-B2,0,52,163,2419
2484660-B2,0,6,201,2946
2484791-B2,0,122,206,2771
2484862-B3,0,70,236,3317
2485164-B2,0,81,146,2004
2485276-B3,0,150,147,1711
2485473-B2,0,41,263,3743
2485536-B2,0,82,192,2655
2485632-B,0,68,149,2029
2486102-B2,0,153,77,984
2487043-B,0,133,109,1513
2487053-B2,0,39,202,2933
2487063-B2,0,50,121,1409
2487518-B,0,61,91,1281
2487567-B2,0,26,103,1480
2488040-B,0,124,256,3714
2488302-B2,0,42,244,3415
2488335-B,1,55,358,5092
2488960-B2,0,57,221,3331
2488987-B2,0,108,262,3617
25012737B4,0,22,122,1619
25013062B2,0,32,99,1277
25013189B4,0,150,119,1672
25013629B6,0,249,375,5266
25013977B2,0,84,340,5069
25014298B2,0,63,83,1181
25014627B3,0,118,147,1862
25015052B3,0,77,280,4110
25015191B2,0,88,201,2780
25015191B3,0,29,149,2172
25015215B2,0,153,145,1991
25015421B3,0,13,302,4479
25015471B,0,119,388,5827
25015496B,0,77,99,1195
25015594B2,0,18,162,2247
25015608B2,0,25,206,2952
25015640B3,0,101,144,1971
25015640B5,0,59,126,1768
25015784B2,0,33,51,658
25015798B2,0,26,36,432
25015867B2,0,123,173,2343
25016027B,0,74,172,2444
25016031B2,0,61,240,3474
25016827B2,0,66,277,3978
25017341B3,0,26,119,1641
25017342B2,0,42,133,1906
25017355B4,0,35,142,1808
25017499B,0,0,42,597
25017500B,0,3,36,489
25017592B3,0,48,97,1178
25017730B2,0,182,153,2270
25017739B2,0,49,281,4162
25017923B,0,41,119,1532
25017930B,0,19,115,1492
25018478B2,0,33,229,3256
25018956B3,0,11,108,1526
25019094B8,0,49,265,3900
25019273B,0,29,379,5410
25019294B1,0,4,35,453
25019294B2,0,0,38,464
25019335B6,0,54,150,1992
25019339B2,0,3,227,3354
25019339B3,0,8,211,3018
25019474B2,0,16,251,3619
25019503B,0,51,109,1589
25019629B2,0,34,166,2187
25019675B2,0,37,172,2526
25019705B2,0,37,276,4073
25020232B,0,89,341,4933
25020353B2,0,51,94,1279
25020556B4,0,89,152,2208
25020714B4,0,37,340,4936
25020799B3,0,70,324,4645
25020799B5,0,124,282,3920
25021196B2,0,22,120,1453
25021277B3,0,69,121,1635
25021277B4,0,51,89,1059
25021421B2,0,91,337,4940
25021487B,0,31,240,3366
25021555B2,0,25,56,654
25021558B2,0,11,79,1047
25021665B2,0,209,167,1990
25021665B3,0,44,242,2896
25021672B,0,29,73,987
25021735B5,0,26,156,2142
25021890B4,0,36,106,1454
25021890B6,0,45,284,3970
25021922B2,0,66,423,6173
25022013B,1,48,169,2339
25022344B2,0,58,419,6174
25022458B2,0,6,327,4696
25022584B2,0,127,210,2946
25022584B3,0,71,80,1145
25022613B2,0,40,115,1531
25023174B2,0,130,120,1416
25023327B3,0,5,38,510
25023687B3,0,46,88,1213
25023687B4,0,52,64,882
25023828B,0,50,256,3791
25023846B4,0,113,211,3119
25023935B2,0,8,130,1863
25023961B2,0,66,49,622
25023972B3,0,100,267,3897
25024254B2,0,286,135,1785
25024433B2,0,42,177,2336
25024695B2,0,10,124,1743
25024765B2,0,27,375,5583
25024855B4,0,54,157,1867
25024875B2,0,26,76,1097
25024982B1,0,25,173,2477
25025076B,0,2,270,3951
25025087B,0,55,170,2204
25025097B,0,56,261,3783
25025291B,0,1,238,3428
25025293B2,0,27,203,2659
25025567B4,0,9,105,1402
25025569B,0,20,51,628
25025616B,0,39,136,1913
25025951B,0,50,265,3887
25025954B3,0,20,40,435
25025975B2,0,40,154,2129
25026103B2,0,28,213,3274
25026144B2,0,57,282,4093
25026144B3,0,46,252,3365
25026285B2,0,39,368,5526
25026294B3,0,52,416,5954
25026499B3,0,74,296,4304
25026509B,0,54,202,2939
25026752B,0,92,148,2142
25026782B3,0,94,205,2791
25026797B2,0,106,76,1002
25027131B2,0,154,315,4565
25027181B2,0,32,135,1769
25027181B3,0,73,185,2519
25027181B4,0,123,406,6197
25027181B5,0,69,316,4677
25027181B6,0,14,145,2130
25027193B,0,51,295,4317
2490980B,0,84,394,5912
2491552B,0,137,117,1488
2491579B,0,82,269,3882
25002379B2,0,12,177,2523
25002510B2,0,159,185,2072
25009557B,0,33,153,2222
25027606B3,0,15,152,2077
25027636B2,0,140,344,4805
25027718B2,0,5,237,3523
25027723B4,0,46,248,3532
25027770B,0,25,218,3071
25028010B2,0,68,144,1946
25028010B2a,0,136,132,1839
25028010B3,0,88,239,3182
25028014B4,0,102,167,2330
25028014B5,0,137,177,2594
25028014B6,0,74,81,1074
25028014B7,0,71,97,1311
25028134B,0,56,290,4196
25028147B3,0,45,138,1958
25028151B2,0,9,178,2445
25028151B3,0,68,283,4005
25028186B2,0,21,286,4181
25028210B2,0,33,133,1784
25028514B,0,15,128,1741
25028520B3,0,24,151,2200
25028738B2,0,104,212,3080
25028862B2,0,97,189,2597
25028868B2,0,7,120,1658
25028879B3,0,30,283,4014
25028885B2,0,10,252,3730
25029134B,0,36,267,3786
25029179B,0,55,355,5002
25029425B2,0,43,281,4198
25029425B3,0,80,243,3572
25029425B,0,171,361,5429
25029560B2,0,26,42,536
25029565B5,0,16,76,975
25029737B2,0,168,239,3259
25029906B2,0,40,264,3730
25030118B2,0,26,134,1723
25030157B3,0,55,93,1256
25030157B4,0,71,214,3100
25030334B2,0,104,228,3202
25030619B2,0,78,255,3387
25030630B,0,103,305,4265
25030750B2,0,30,336,5104
25030988B4,0,50,144,2083
25030998B2,0,59,226,3001
25031267B2,0,12,162,2345
25031271B2,0,94,143,1888
25031281B2,0,9,192,2839
25031302B,0,49,245,3539
25031385B4,0,29,185,2588
25031387B2,0,45,350,5205
25031411B3,0,17,45,537
25031706B,0,36,144,2044
25031706B2,0,95,257,3393
25032143B2,0,52,95,1315
25032143B3,0,0,63,770
25032146B2,0,4,20,241
25032179B3,0,9,47,604
25032245B2,0,54,62,677
25032360B2,0,59,189,2665
25032626B2,0,23,159,2265
25032788B4,0,48,210,2883
25032789B2,0,45,254,3767
25033169B1,0,22,335,4928
25033178B4,0,157,294,4126
25033211B,0,25,217,2931
25033447B4,0,123,75,1054
25033482B2,0,40,101,1345
25033486B,0,62,281,3983
25033894B2,0,74,89,1110
25034245B2,0,39,174,2513
25034327B2,0,127,336,5068
25034929B2,0,121,274,3840
25034940B9,0,34,134,1891
25034940B8,0,15,100,1391
25034940B10,0,16,125,1689
25034940B11,0,34,188,2700
25034940B12,0,45,110,1455
25035354B,0,223,268,3716
25035354B2,0,96,127,1653
25035354B3,0,151,241,3318
25035882B3,0,48,137,1905
25035882B4,0,32,114,1431
25036226B4,0,76,241,3409
25036333B3,0,3,59,697
25036340B1,0,31,101,1318
25036341B,0,4,77,1072
25036634B2,0,120,147,2063
25041732B,0,83,253,3838
25041763B,0,70,337,5032
25042220B2,0,133,356,5216
25042465B3,0,43,197,2919
25042830B2,0,12,157,2308
25043126B2,0,70,84,1222
25043600B3,0,32,102,1399
25044694B,0,16,290,4237
25045403B,0,0,74,945
25045403B-1,0,1,83,1115
25045403B2,0,16,79,1088
25045450B2,0,17,48,576
25045450B5,0,21,186,2587
25045625B3,0,22,154,2225
25045625B1,0,35,153,2202
25045625B2,0,30,232,3377
25045676B4,0,42,245,3477
25045801B2,0,17,136,1735
25045801B1,0,53,109,1546
25045807B4,0,12,50,598
25045829B2,0,31,298,4354
25045839B,0,16,240,3188
25046521B3,0,12,162,2300
25046631B2,0,61,240,3437
25046855B,0,26,228,3144
25047066B,0,153,194,2568
25047067B2,0,16,194,2784
25047077B2,0,28,189,2735
25047088B,0,6,81,1126
25047401B2,0,66,209,2996
25047538B2,0,33,122,1719
25047815B,0,63,203,2890
25047835B3,0,78,94,1239
25047844B2,0,113,119,1542
25047972B2,0,63,211,3038
25048256B2,0,120,274,3921
25048633B2,0,129,191,2771
25048669B2,0,134,347,4821
25049669B3,0,42,287,4306
25049966B2,0,24,132,1912
25049999B2,0,44,201,2832
25050326B,0,43,126,1893
25050345B2,0,69,220,3075
25050415B2,0,101,314,4480
25050830B2,0,37,166,2153
25050862B2,0,94,282,4031
25050888B2,0,38,108,1540
25050888B3,0,14,81,1015
25050984B2,0,76,243,3439
25051008B4,0,49,153,1989
25051207B5,0,112,140,1969
25052288B,0,9,96,1199
25052316B,0,41,180,2539
25052654B2,0,118,69,939
25053425B2,0,12,117,1538
25053683B2,0,38,232,3292
25054130B1,0,42,215,3032
25054130B2,0,16,71,975
25054212B,0,150,256,3745
25054489B3,0,90,220,3278
25054693B2,0,39,269,3966
25055380B2,0,82,319,4783
25055681B2,0,6,139,1913
25055778B2,0,81,345,4815
25055784B2,0,27,254,3530
25055857B2,0,102,258,3413
25057854B3,0,46,102,1408
25057856B2,0,34,229,3470
25057858B2,0,75,212,2892
25057865B1,0,31,310,4598
25058118B3,0,4,96,1259
25058118B4,0,117,275,3920
25058627B2,0,15,209,2976
25058713B2,0,215,187,2745
25058746B4,0,23,182,2630
25059470B2,0,50,144,2019
25059686B2,0,59,291,4295
25060539B2,0,10,295,4445
25061727B2,0,7,282,4032
25062444B,0,61,191,2781
25062891B4,0,89,55,714
25063228B5,0,18,101,1242
25063371B2,0,72,237,3277
25063642B,0,15,131,1913
25063642B2,0,3,35,464
25063676B,0,1,75,1079
25063676B2,0,13,184,2436
25063700B,0,34,107,1530
