slide_id,label,logits_low_0,logits_low_1,logits_high_0,logits_high_1,probability_low_0,probability_low_1,probability_high_0,probability_high_1,probability_dual_0,probability_dual_1,prediction_low,prediction_high,prediction_dual
2461703-B3,0,49.0654411315918,49.027061462402344,-15.196913719177246,-22.97083282470703,0.5095937396955194,0.49040626030448076,0.9995796149911813,0.0004203850088185649,0.9995954367493315,0.00040456325066850454,0,0,0
2461861-B2,0,90.37144470214844,93.9715576171875,92.16070556640625,89.17564392089844,0.026594070408662487,0.9734059295913376,0.9518946809613769,0.04810531903862327,0.35090779792734467,0.6490922020726553,1,0,1
2462885-B2,0,72.76081085205078,71.86940002441406,13.936437606811523,10.976156234741211,0.7091812320385293,0.29081876796147055,0.950747171393569,0.04925282860643093,0.9791981520839246,0.02080184791607541,0,0,0
2462987-B2,0,37.046478271484375,37.726707458496094,-15.297529220581055,-16.600725173950195,0.3362101523489727,0.6637898476510272,0.7863723653967152,0.21362763460328485,0.6508929921941891,0.34910700780581094,1,0,0
2463135-B,0,34.64503860473633,34.366615295410156,-63.16403579711914,-70.22663116455078,0.5691596349041915,0.4308403650958085,0.9991441809145553,0.0008558190854447634,0.999352030451861,0.0006479695481389601,0,0,0
2463187-B2,0,40.90113067626953,41.829933166503906,-56.698551177978516,-62.12361145019531,0.28316772641882487,0.7168322735811751,0.9956145165138767,0.004385483486123259,0.9889723190654691,0.011027680934530935,1,0,0
2463404-B2,0,56.69783401489258,58.39098358154297,10.335261344909668,8.15352725982666,0.15536209038267643,0.8446379096173237,0.8985971916714272,0.10140280832857283,0.6197733738901792,0.3802266261098209,1,0,0
2463643-B,0,23.151893615722656,20.27350616455078,-70.10684967041016,-77.00759887695312,0.9467676518186672,0.053232348181332705,0.998993982418181,0.0010060175818189343,0.9999433825477572,5.661745224285353e-05,0,0,0
2464438-B5,0,71.82941436767578,72.95265197753906,-2.2406363487243652,-2.501331329345703,0.24541123412008228,0.7545887658799177,0.5648071257525205,0.43519287424747954,0.29680709763199054,0.7031929023680095,1,0,1
2464929-B,0,33.31147766113281,36.33441162109375,-3.746359348297119,-4.791419982910156,0.04640048128264707,0.9535995187173529,0.7398252780223188,0.2601747219776811,0.12154577618483878,0.8784542238151613,1,0,1
2465263-B2,0,89.00652313232422,88.79367065429688,7.931153297424316,2.7263741493225098,0.5530131186659695,0.4469868813340305,0.9945397155547843,0.005460284445215706,0.9955819677627915,0.004418032237208438,0,0,0
2465636-B,0,35.63429641723633,33.58778381347656,-19.824573516845703,-26.641769409179688,0.8855947621649213,0.11440523783507862,0.9989064107253848,0.0010935892746152913,0.9998585904001965,0.000141409599803444,0,0,0
2465989-B2,0,69.40101623535156,69.38020324707031,-4.971362113952637,-8.78532600402832,0.5052030592496927,0.4947969407503073,0.978415604075252,0.021584395924748097,0.9788508141029911,0.021149185897008812,0,0,0
2466580-B5,0,40.80985641479492,41.261043548583984,-2.7064003944396973,-7.9660539627075195,0.3890785514560319,0.6109214485439682,0.994829765402386,0.005170234597613964,0.9919056688343715,0.008094331165628509,1,0,0
2466581-B1,0,25.787353515625,23.50839614868164,-9.562447547912598,-15.436939239501953,0.9071192382352069,0.09288076176479312,0.9971976529270477,0.002802347072952387,0.9997123418355425,0.00028765816445760714,0,0,0
2466866-B,0,104.14697265625,105.27782440185547,44.24150848388672,43.23891830444336,0.24400394852536578,0.7559960514746342,0.7315675339320685,0.2684324660679315,0.46798134461009416,0.5320186553899058,1,0,1
2466884-B2,0,91.11669921875,92.09514617919922,-53.34389877319336,-62.6900749206543,0.27320004931801073,0.7267999506819893,0.9999127090217383,8.729097826169546e-05,0.9997678115896675,0.00023218841033240646,1,0,0
2466899-B2,0,66.70220184326172,64.2579345703125,35.76441955566406,36.8754768371582,0.9201412155521846,0.07985878444781538,0.24767383115635294,0.752326168843647,0.7913717391236842,0.20862826087631578,0,1,0
2468698-B2,0,79.09049224853516,81.5189437866211,-19.12396812438965,-21.752460479736328,0.0810286956276394,0.9189713043723605,0.9326729399155285,0.06732706008447151,0.549843628141892,0.450156371858108,1,0,0
2469024-B,0,97.53762817382812,99.15721893310547,49.55816650390625,47.21247100830078,0.1652613172207441,0.8347386827792559,0.9125914739269865,0.08740852607301354,0.6739499024310891,0.32605009756891096,1,0,0
2469505-B2,0,58.053489685058594,57.12657928466797,0.022587180137634277,-3.274034023284912,0.7164480525424622,0.2835519474575377,0.9643127160717202,0.035687283928279905,0.9855645809913302,0.014435419008669797,0,0,0
2469969-B2,0,39.94536209106445,40.042510986328125,-7.29500150680542,-7.869363784790039,0.47573185988828776,0.5242681401117123,0.6397691375000958,0.3602308624999042,0.6170890767652382,0.38291092323476184,1,0,0
2470260-B,0,37.505821228027344,37.25698471069336,3.018527030944824,2.404529094696045,0.5618901074612574,0.4381098925387426,0.6488522450932463,0.35114775490675354,0.7032526120629913,0.2967473879370088,0,0,0
2471072-B2,0,0.8444361686706543,-1.5577564239501953,-36.936119079589844,-42.99464797973633,0.9169943469209796,0.08300565307902037,0.9976676151852536,0.0023323848147464295,0.9997884259438311,0.00021157405616896316,0,0,0
2472465-B2,0,-7.769750595092773,-6.988121032714844,-74.0372543334961,-79.52647399902344,0.31396878437310843,0.6860312156268915,0.9958859289706766,0.004114071029323502,0.9910542276535141,0.008945772346485888,1,0,0
2472471-B2,0,-28.586591720581055,-37.01813888549805,-59.120849609375,-66.9078369140625,0.9997821633363492,0.0002178366636509071,0.9995850706611796,0.0004149293388204553,0.9999999095561363,9.044386387284575e-08,0,0,0
2473272-B3,0,65.32383728027344,65.12239837646484,-29.442304611206055,-30.424942016601562,0.5501901242536426,0.4498098757463575,0.7276312216491714,0.2723687783508287,0.7656796010701501,0.23432039892984993,0,0,0
2473394-B2,0,70.12016296386719,69.39361572265625,-13.461645126342773,-15.477644920349121,0.6740471316017855,0.3259528683982144,0.8824667453574471,0.11753325464255286,0.9394909975329584,0.06050900246704163,0,0,0
2474124-B2,0,93.18710327148438,95.09099578857422,24.01936149597168,22.572181701660156,0.1296685522289366,0.8703314477710634,0.8095640220902841,0.19043597790971586,0.38776639932216367,0.6122336006778364,1,0,1
2474718-B4,0,29.07374382019043,27.305461883544922,-32.975826263427734,-38.02951431274414,0.8542438829773554,0.14575611702264443,0.9936547798760622,0.006345220123937757,0.9989116135114422,0.0010883864885578608,0,0,0
2475159-B,0,57.507266998291016,56.36020278930664,0.05777120590209961,-0.6303362846374512,0.7589742742639555,0.24102572573604444,0.6655457964503146,0.33445420354968525,0.8623765583213313,0.13762344167866866,0,0,0
2476250-B2,0,39.436248779296875,37.65407943725586,-22.162710189819336,-25.854846954345703,0.8559645290583765,0.14403547094162344,0.9756871450111501,0.024312854988849976,0.9958243718503771,0.004175628149622834,0,0,0
2476295-B3,0,0.5578560829162598,-1.807612419128418,-60.257568359375,-68.47396850585938,0.914155918572674,0.08584408142732601,0.9997298870345569,0.0002701129654430773,0.9999746287163793,2.5371283620772767e-05,0,0,0
2476681-B2,0,39.10328674316406,40.99344253540039,9.272655487060547,11.730607032775879,0.13122670712811713,0.8687732928718829,0.0788590091247536,0.9211409908752464,0.012766193108705944,0.9872338068912941,1,1,1
2476856-B2,0,31.132707595825195,28.946456909179688,-51.7880859375,-60.2042121887207,0.8990080053767765,0.10099199462322349,0.9997787788099204,0.00022122119007972145,0.9999751437615936,2.4856238406472817e-05,0,0,0
2477285-B2,0,58.8765754699707,59.969322204589844,-73.5540771484375,-78.73565673828125,0.2511014033115571,0.7488985966884428,0.9944122746287235,0.00558772537127641,0.9835174454661182,0.01648255453388182,1,0,0
2477299-B2,0,73.42726135253906,72.76439666748047,-18.625383377075195,-22.536848068237305,0.6599036063170943,0.3400963936829056,0.9803814212987879,0.01961857870121212,0.9897921020223422,0.010207897977657726,0,0,0
2477473-B2,0,35.63994216918945,37.394554138183594,-42.30427169799805,-43.39898681640625,0.14746643767283232,0.8525335623271676,0.7492685688741036,0.2507314311258964,0.3407627830142956,0.6592372169857045,1,0,1
2477941-B2,0,16.311796188354492,16.738868713378906,-31.853057861328125,-34.137001037597656,0.3948256017952506,0.6051743982047494,0.9075384604309573,0.09246153956904259,0.864931779837532,0.13506822016246797,1,0,0
2481723-B2,0,70.5665283203125,70.65318298339844,43.71831512451172,39.6388053894043,0.47834988015109303,0.5216501198489071,0.9833656262002735,0.016634373799726574,0.9818870878463514,0.018112912153648734,1,0,0
2482461-B2,0,56.13751983642578,58.4873046875,22.45575714111328,17.534942626953125,0.08708287514166108,0.912917124858339,0.9927596174493496,0.0072403825506504,0.9289736647441045,0.07102633525589558,1,0,0
2482962-B2,0,108.84416198730469,110.86119079589844,27.2170352935791,23.944705963134766,0.11742656808178009,0.8825734319182198,0.9634672483242783,0.036532751675721765,0.7782177040758524,0.2217822959241475,1,0,0
2483014-B4,0,53.86151123046875,56.22856903076172,-43.166969299316406,-48.317039489746094,0.08571944351084167,0.9142805564891583,0.9942344368091405,0.005765563190859487,0.941750912593875,0.05824908740612507,1,0,0
2483215-B5,0,52.920799255371094,52.35740280151367,-19.07425308227539,-24.04317283630371,0.6372380493640016,0.3627619506359984,0.9930973256947028,0.006902674305297184,0.9960587810050863,0.003941218994913832,0,0,0
2483220-B1,0,73.41532897949219,75.31476593017578,6.934231758117676,4.52756404876709,0.13017221370373422,0.8698277862962659,0.9173343386036069,0.08266566139639298,0.6241575230605705,0.37584247693942946,1,0,0
2483868-B4,0,68.75008392333984,69.58299255371094,-15.395761489868164,-17.21363067626953,0.3030304070612795,0.6969695929387205,0.8603102498146047,0.13968975018539526,0.7280917670493773,0.2719082329506227,1,0,0
2483973-B1,0,70.41082000732422,70.9859619140625,-3.3066976070404053,-5.840002059936523,0.3600512052662369,0.6399487947337631,0.9264438550135847,0.07355614498641533,0.8763345544410701,0.12366544555892985,1,0,0
2484004-B2,0,64.86438751220703,66.92826843261719,-7.793198108673096,-10.239347457885742,0.11265728785715436,0.8873427121428455,0.9202794037623188,0.07972059623768121,0.5944206784540456,0.40557932154595455,1,0,0
2484734-B4,0,-11.298135757446289,-15.875476837158203,-65.59487915039062,-75.38922119140625,0.9898224480887903,0.010177551911209651,0.9999442368781433,5.576312185669569e-05,0.9999994265997151,5.734002848180493e-07,0,0,0
2485318-B2,0,64.4852294921875,63.737579345703125,-49.53501892089844,-54.19118881225586,0.678666462419914,0.3213335375800859,0.9905866634506325,0.009413336549367438,0.9955207932202577,0.004479206779742352,0,0,0
2485322-B2,0,91.26950073242188,92.5103988647461,11.16374397277832,5.57373046875,0.2242796914925212,0.7757203085074789,0.9962789207200088,0.00372107927999132,0.9872464931144881,0.012753506885511853,1,0,0
2485328-B2,0,72.70175170898438,73.24240112304688,1.7890982627868652,-3.112429618835449,0.36803652493759204,0.6319634750624079,0.9926196601473114,0.00738033985268855,0.9873937726216777,0.012606227378322375,1,0,0
2485517-B2,0,19.16830062866211,17.470666885375977,-19.109268188476562,-25.792587280273438,0.845225435444519,0.15477456455548108,0.9987499477468442,0.001250052253155682,0.9997708610569708,0.00022913894302920793,0,0,0
2485805-B,0,93.26177978515625,95.00399017333984,37.23810577392578,38.480533599853516,0.1490323917360911,0.8509676082639088,0.22401367023332436,0.7759863297666756,0.04812418794323407,0.951875812056766,1,1,1
2486104-B1,0,94.4703369140625,91.96688842773438,-42.111148834228516,-55.1208610534668,0.9243832183668934,0.07561678163310667,0.9999977615221575,2.2384778424220894e-06,0.9999998168867255,1.8311327460611814e-07,0,0,0
2486191-B,0,46.38982391357422,48.55067825317383,-19.748558044433594,-24.287864685058594,0.10332127349354472,0.8966787265064554,0.9894320644812001,0.01056793551879989,0.9151693567605663,0.0848306432394336,1,0,0
2487656-B4,0,63.372779846191406,63.71881103515625,-56.18959045410156,-64.71175384521484,0.4143451771217889,0.5856548228782111,0.9998010311702121,0.00019896882978787407,0.9997187912973918,0.0002812087026082565,1,0,0
2488767-B,0,56.61336898803711,56.799285888671875,-16.783836364746094,-20.04270362854004,0.4536541935957616,0.5463458064042384,0.9629904413188258,0.037009558681174295,0.9557630010326081,0.04423699896739185,1,0,0
2488932-B4,0,88.06611633300781,89.69087219238281,8.324721336364746,6.462028503417969,0.1645500229684629,0.8354499770315371,0.8656105110106559,0.1343894889893441,0.5592054214526091,0.4407945785473909,1,0,0
2489331-B2,0,71.13490295410156,71.12415313720703,-20.520658493041992,-26.112028121948242,0.5026874283440694,0.4973125716559305,0.9962839448086406,0.0037160551913595014,0.9963235317008213,0.0036764682991787382,0,0,0
25012175B4,0,7.159400939941406,5.321089744567871,-34.98328399658203,-43.783931732177734,0.862748853027649,0.137251146972351,0.9998493872160965,0.00015061278390362946,0.9999760365772202,2.3963422779799692e-05,0,0,0
25012915B2,0,57.532142639160156,58.15692901611328,-51.09376525878906,-54.298004150390625,0.34869364892427546,0.6513063510757245,0.9609934829574756,0.03900651704252439,0.9295274138544527,0.07047258614554719,1,0,0
25013062B3,0,15.172333717346191,15.798662185668945,-53.616180419921875,-61.305267333984375,0.3483435118893989,0.6516564881106012,0.9995424134932331,0.0004575865067668817,0.9991443211646317,0.0008556788353682976,1,0,0
25013162B2,0,33.49684143066406,33.67613220214844,-54.08747863769531,-58.447811126708984,0.45529699187846406,0.5447030081215359,0.9873869807869721,0.012613019213027835,0.9849474624551816,0.015052537544818294,1,0,0
25013352B2,0,5.523931503295898,5.381942272186279,-33.55068588256836,-39.20889663696289,0.5354377895060971,0.4645622104939029,0.9965233755319107,0.0034766244680892846,0.9969821839982926,0.003017816001707318,0,0,0
25014217B2,0,45.88623046875,49.173583984375,25.321237564086914,29.270069122314453,0.036007595412956686,0.9639924045870433,0.018912630124353007,0.981087369875647,0.0007195367453692493,0.9992804632546308,1,1,1
25014265B2,0,35.53844451904297,37.22114562988281,-9.464472770690918,-9.501638412475586,0.15673812848330135,0.8432618715166986,0.5092903410867741,0.490709658913226,0.16171312770925833,0.8382868722907416,1,0,1
25015101B2,0,51.538570404052734,51.46882247924805,-68.794189453125,-74.41346740722656,0.5174299157253787,0.48257008427462134,0.9963858502466906,0.0036141497533093868,0.9966285186333302,0.003371481366669868,0,0,0
25015190B2,0,31.680299758911133,31.169706344604492,-83.81027221679688,-90.00812530517578,0.6249455743284399,0.3750544256715601,0.9979703355909796,0.002029664409020437,0.9987809245155576,0.0012190754844423174,0,0,0
25015425B2,0,76.35822296142578,78.17658233642578,-9.849864959716797,-16.24686050415039,0.1396308514274433,0.8603691485725568,0.9983362159358153,0.0016637840641847222,0.9898355248903679,0.010164475109632079,1,0,0
25016915B2,0,36.69779968261719,36.57973861694336,-81.72453308105469,-90.29551696777344,0.5294810311329855,0.4705189688670144,0.9998105098274814,0.00018949017251858693,0.9998316075614708,0.00016839243852904268,0,0,0
25017322B2,0,52.966304779052734,49.86907196044922,-43.932498931884766,-51.116119384765625,0.956778457117596,0.04322154288240397,0.9992416602701347,0.0007583397298652619,0.999965717911939,3.4282088060949125e-05,0,0,0
25017338B3,0,41.849853515625,43.57472229003906,-48.61032485961914,-54.360260009765625,0.15124509716894083,0.8487549028310591,0.9968271120556622,0.0031728879443377123,0.9824512219637732,0.017548778036226786,1,0,0
25017372B2,0,94.55162811279297,95.03291320800781,42.1503791809082,45.28087615966797,0.3819487146623415,0.6180512853376585,0.04186666678722664,0.9581333332127735,0.02629394889389822,0.9737060511061016,1,1,1
25017539B2,0,74.272705078125,75.99755859375,17.325124740600586,19.611555099487305,0.15124705595038743,0.8487529440496125,0.09225304553999862,0.9077469544600014,0.017787986439281235,0.9822120135607187,1,1,1
25017589B6,0,96.73180389404297,97.96566009521484,-25.28369903564453,-29.953922271728516,0.22550721307144242,0.7744927869285576,0.9907168076288079,0.00928319237119224,0.968822080559527,0.03117791944047302,1,0,0
25017738B2,0,55.577293395996094,55.262611389160156,-31.760698318481445,-39.4227409362793,0.578027672561799,0.4219723274382009,0.9995298754286308,0.0004701245713690622,0.9996567556342669,0.0003432443657330213,0,0,0
25017748B2,0,5.284773349761963,1.5266528129577637,-45.5218505859375,-49.55616760253906,0.9772042269073662,0.02279577309263391,0.9826100008236863,0.017389999176313703,0.9995873254403581,0.0004126745596419106,0,0,0
25017767B2,0,53.52424240112305,53.99492263793945,-25.78629493713379,-30.043087005615234,0.3844552533192515,0.6155447466807484,0.9860302405293373,0.013969759470662792,0.9778195057147151,0.022180494285284916,1,0,0
25018002B2,0,57.33650588989258,57.01214599609375,-48.8441162109375,-54.413700103759766,0.5803864226482536,0.41961357735174637,0.9962024103329282,0.003797589667071623,0.9972514893103428,0.00274851068965731,0,0,0
25019081B3,0,19.348356246948242,17.664249420166016,-69.99935150146484,-78.22553253173828,0.8434475771638692,0.15655242283613086,0.9997325153965972,0.00026748460340284946,0.9999503414225565,4.9658577443602243e-05,0,0,0
25019283B2,0,59.77130889892578,61.730308532714844,-64.55320739746094,-71.50362396240234,0.12357535091906119,0.8764246490809388,0.9990426814339607,0.0009573185660394284,0.9932498460733697,0.006750153926630263,1,0,0
25019457B2,0,58.834320068359375,59.94533157348633,-10.998041152954102,-16.470439910888672,0.2476823608342435,0.7523176391657564,0.9958164332227861,0.004183566777213789,0.9874001337213415,0.012599866278658488,1,0,0
25019621B2,0,46.21342468261719,48.19172668457031,17.01950454711914,15.770914077758789,0.1214999618832527,0.8785000381167474,0.7770557693075743,0.2229442306924258,0.32525845139323667,0.6747415486067633,1,0,1
25019716B2,0,69.2647933959961,70.32100677490234,-45.289588928222656,-50.64790725708008,0.25803374765121295,0.741966252348787,0.9953132509125256,0.004686749087474481,0.9866408552790477,0.01335914472095245,1,0,0
25020257B2,0,68.01060485839844,69.4939956665039,-12.53616714477539,-15.30900764465332,0.18491580397071916,0.8150841960292808,0.9411904082863876,0.05880959171361244,0.7840537062959761,0.21594629370402385,1,0,0
25020573B3,0,34.961517333984375,36.74928283691406,-40.534446716308594,-46.3209342956543,0.14334689789855334,0.8566531021014465,0.9969406463852749,0.0030593536147250897,0.9819912045400127,0.018008795459987327,1,0,0
25020714B2,0,69.09415435791016,70.76567840576172,-13.871208190917969,-14.925392150878906,0.15822108946764615,0.8417789105323538,0.7415775246059414,0.2584224753940586,0.3503866483686035,0.6496133516313966,1,0,1
25021120B4,0,43.739540100097656,42.32597351074219,-11.365397453308105,-14.316841125488281,0.8043278790026905,0.1956721209973094,0.950331676081883,0.04966832391811718,0.9874450929979163,0.012554907002083691,0,0,0
25021291B2,0,31.360881805419922,31.86976432800293,-25.148529052734375,-27.665578842163086,0.3754555248377931,0.6245444751622069,0.9253284635908219,0.07467153640917815,0.8816519252192229,0.11834807478077707,1,0,0
25021662B2,0,44.90644454956055,47.559226989746094,-22.381141662597656,-26.527366638183594,0.06581772225120053,0.9341822777487995,0.9844224596111061,0.015577540388894019,0.8165944161672206,0.1834055838327794,1,0,0
25021894B3,0,69.57627868652344,71.59596252441406,-25.794395446777344,-29.732391357421875,0.1171516866698511,0.882848313330149,0.9808852634756767,0.019114736524323224,0.8719500896110399,0.1280499103889601,1,0,0
25021918B4,0,59.46771240234375,59.84783935546875,-59.62860870361328,-70.19696044921875,0.40609627788073277,0.5939037221192671,0.9999742834926378,2.5716507362174906e-05,0.9999623908205242,3.7609179475899866e-05,1,0,0
25022019B2,0,32.210113525390625,32.44261169433594,-46.388099670410156,-49.509239196777344,0.4421358789120488,0.5578641210879512,0.9577563564465688,0.04224364355343115,0.9472820738744773,0.052717926125522736,1,0,0
25022262B2,0,40.12822341918945,40.449798583984375,-56.5814323425293,-64.12007904052734,0.42029191615886646,0.5797080838411335,0.9994681657480887,0.0005318342519114102,0.9992665896665313,0.0007334103334686973,1,0,0
25022406B2,0,11.824136734008789,7.971616744995117,-13.559364318847656,-14.998676300048828,0.9792150067459972,0.020784993254002786,0.8083480851749926,0.1916519148250074,0.9949926672040701,0.005007332795929985,0,0,0
25023184B2,0,21.572872161865234,20.500593185424805,-40.08885955810547,-47.05447769165039,0.7450300724876829,0.254969927512317,0.9990571105060597,0.0009428894939403571,0.9996771168436648,0.0003228831563351163,0,0,0
25023934B2,0,67.82221221923828,68.17048645019531,-16.46737289428711,-20.784900665283203,0.4138009780428236,0.5861990219571764,0.9868426201959938,0.013157379804006284,0.9814625989987754,0.018537401001224602,1,0,0
25025240B,0,9.879742622375488,13.043277740478516,-27.580097198486328,-27.756628036499023,0.040561257107149834,0.95943874289285,0.5440184560676585,0.45598154393234147,0.04801639793239805,0.951983602067602,1,0,1
25025510B1,0,29.916845321655273,28.85999298095703,-37.45488357543945,-43.01335525512695,0.7420885641599388,0.2579114358400612,0.996160138315022,0.003839861684977983,0.998662111701184,0.001337888298815955,0,0,0
25025575B2,0,53.70634460449219,54.66236877441406,-14.494514465332031,-17.9400577545166,0.2776749280228792,0.7223250719771208,0.9690979537001526,0.030902046299847392,0.9234036623455585,0.07659633765444146,1,0,0
25025960B2,0,88.0775146484375,88.12086486816406,-57.49168395996094,-63.07915115356445,0.48916414194810304,0.510835858051897,0.9962694690155334,0.003730530984466735,0.9961048369641888,0.0038951630358111528,1,0,0
25026103B3,0,24.00921630859375,22.500181198120117,-61.010765075683594,-67.01210021972656,0.8189181662466671,0.1810818337533329,0.9975306678019762,0.0024693321980237865,0.9994529200344034,0.0005470799655966082,0,0,0
25026180B2,0,41.62657165527344,41.1728515625,-17.42333221435547,-24.34151840209961,0.611523354424621,0.3884766455753789,0.9990113550815459,0.0009886449184539968,0.9993717263585487,0.0006282736414514453,0,0,0
25026798B2,0,60.765869140625,60.254180908203125,-62.378868103027344,-69.11985778808594,0.6252021520939197,0.3747978479060804,0.9988199169539245,0.001180083046075442,0.9992922261540458,0.0007077738459541191,0,0,0
25027122B2,0,15.143538475036621,14.921699523925781,-16.837697982788086,-17.896953582763672,0.5552334087457528,0.4447665912542472,0.742548263793037,0.25745173620696304,0.7826360356319565,0.21736396436804356,0,0,0
25027167B2,0,31.9982967376709,32.19298553466797,-43.1369514465332,-50.290428161621094,0.45148095840114144,0.5485190415988586,0.9992184711944291,0.000781528805570868,0.9990506544585845,0.0009493455414154707,1,0,0
25012148B3,0,9.778660774230957,9.622748374938965,-69.28784942626953,-76.31556701660156,0.5388993324563706,0.4611006675436295,0.9991138321258392,0.0008861678741607826,0.9992416660513983,0.0007583339486018001,0,0,0
2490547B2,0,104.80512237548828,105.4780502319336,-80.07308959960938,-90.12421417236328,0.3378415550824167,0.6621584449175832,0.9999568646498975,4.3135350102393764e-05,0.9999154596193525,8.454038064750333e-05,1,0,0
2490750B4,0,31.732776641845703,33.10470962524414,-72.16619110107422,-77.4115219116211,0.20230772339795092,0.7976922766020491,0.9947555716844038,0.005244428315596313,0.979635708520461,0.02036429147953896,1,0,0
2490820B3,0,30.192386627197266,33.5037841796875,-26.406721115112305,-30.350440979003906,0.03518224921421677,0.9648177507857832,0.9809922890679436,0.019007710932056412,0.6530158526061144,0.3469841473938857,1,0,0
2490963B2,0,31.300718307495117,30.12433433532715,-42.73630905151367,-49.710628509521484,0.7642970095464124,0.23570299045358764,0.9990652716666605,0.0009347283333396302,0.9997115509010075,0.0002884490989923987,0,0,0
2490972B8,0,63.071380615234375,61.17504119873047,-52.85206604003906,-61.911048889160156,0.8694766585733185,0.1305233414266816,0.9998836722806821,0.00011632771931786829,0.9999825354898966,1.746451010345406e-05,0,0,0
2491560B2,0,53.264644622802734,54.23697280883789,-25.905338287353516,-26.227294921875,0.2744166886520535,0.7255833113479465,0.5798010248240544,0.42019897517594557,0.34290581392720987,0.6570941860727901,1,0,1
25002073B3,0,32.463958740234375,34.1622200012207,-38.83694076538086,-44.79617691040039,0.15469249084999032,0.8453075091500097,0.9974247655515983,0.0025752344484017867,0.9860877401833831,0.01391225981661699,1,0,0
25002238B,0,14.245000839233398,13.974081039428711,-67.89476776123047,-74.74211883544922,0.567318700526308,0.43268129947369205,0.998938861378612,0.0010611386213880715,0.9991904894178146,0.0008095105821853346,0,0,0
25002328B2,0,59.36651611328125,62.88401794433594,-56.558197021484375,-64.03804779052734,0.028818332028906095,0.9711816679710938,0.9994359766753103,0.0005640233246896403,0.9813365597939956,0.018663440206004467,1,0,0
25002472B2,0,-27.795194625854492,-31.046913146972656,-55.27349090576172,-61.94245147705078,0.9627348162140364,0.03726518378596352,0.9987318922924676,0.0012681077075324997,0.9999508545520791,4.914544792094778e-05,0,0,0
25002504B2,0,80.42680358886719,80.68330383300781,3.754650592803955,-0.7247302532196045,0.43622421948504486,0.5637757805149551,0.9887867308659393,0.011213269134060778,0.9855554061783468,0.014444593821653147,1,0,0
25002663B5,0,33.742034912109375,33.35016632080078,-42.10141372680664,-49.90436553955078,0.5967324435674968,0.4032675564325033,0.9995916395250596,0.0004083604749403252,0.9997239963439578,0.0002760036560422974,0,0,0
25002788B2,0,50.62186050415039,52.62031555175781,-18.378572463989258,-23.584558486938477,0.11936522756732855,0.8806347724326715,0.9945462655419832,0.005453734458016884,0.9611166283561849,0.03888337164381505,1,0,0
25002789B2,0,68.19131469726562,69.60440063476562,-38.3245849609375,-43.01805114746094,0.1957477792349831,0.8042522207650169,0.9909281533243512,0.009071846675648658,0.9637495704758012,0.03625042952419877,1,0,0
25002897B2,0,27.282960891723633,28.091400146484375,-83.64641571044922,-92.19053649902344,0.3082231807307662,0.6917768192692337,0.9998053515517556,0.00019464844824448803,0.9995632355334608,0.00043676446653921424,1,0,0
25002906B2,0,5.180273532867432,3.915912628173828,-28.599884033203125,-37.06204605102539,0.7797758996979458,0.2202241003020542,0.9997887299342014,0.00021127006579865787,0.9999403240892112,5.9675910788832544e-05,0,0,0
25002907B3,0,11.389216423034668,10.238917350769043,-50.21141815185547,-56.86622619628906,0.7595655394800347,0.2404344605199654,0.9987138410123669,0.001286158987632991,0.9995925183599469,0.0004074816400532261,0,0,0
25003038B2,0,50.655540466308594,51.560115814208984,-28.414270401000977,-32.7990608215332,0.2881111702218209,0.711888829778179,0.987687975176515,0.012312024823485108,0.9701195552669972,0.02988044473300289,1,0,0
25009124B2,0,36.847286224365234,36.75421142578125,-92.06448364257812,-99.63616180419922,0.523251916281799,0.47674808371820104,0.9994854371521535,0.0005145628478463204,0.9995311473053925,0.00046885269460738866,0,0,0
25009578B4,0,80.51812744140625,80.80546569824219,-69.3209228515625,-77.3805923461914,0.42865563038110444,0.5713443696188956,0.9996840686061252,0.0003159313938748743,0.9995789472264276,0.0004210527735724834,1,0,0
2463367-B2,1,97.45619201660156,97.89350128173828,27.10456085205078,30.216718673706055,0.39238230394049045,0.6076176960595095,0.042608533171412326,0.9573914668285878,0.027937197627037558,0.9720628023729624,1,1,1
2476299-B2,1,125.482421875,127.52601623535156,45.776920318603516,49.48717498779297,0.11470123743310986,0.8852987625668901,0.023886750779435167,0.9761132492205649,0.003160545103921491,0.9968394548960784,1,1,1
2483073-B3,1,31.762550354003906,35.145408630371094,30.98979377746582,35.37526321411133,0.03283550226086365,0.9671644977391363,0.012303770423294216,0.9876962295767057,0.0004227387156984229,0.9995772612843016,1,1,1
2484660-B2,1,33.80897903442383,34.9805793762207,-13.93939208984375,-15.101266860961914,0.23656583679870016,0.7634341632012998,0.7616732036082121,0.2383267963917878,0.4975686264949301,0.5024313735050698,1,0,1
2485164-B2,1,68.59159088134766,70.90923309326172,16.84992790222168,19.36217498779297,0.08967234231955679,0.9103276576804433,0.07500406120287156,0.9249959387971284,0.007924127339102928,0.992075872660897,1,1,1
2485536-B2,1,97.8133544921875,101.72618103027344,13.363044738769531,15.168359756469727,0.01959240248823528,0.9804075975117648,0.14120530207583282,0.8587946979241671,0.0032750567561260656,0.9967249432438738,1,1,1
2488040-B,1,36.41865539550781,39.8284912109375,13.825581550598145,17.6574764251709,0.031989481263630624,0.9680105187363693,0.021208951052563922,0.9787910489474362,0.0007155569523866565,0.9992844430476132,1,1,1
25013189B4,1,61.69617462158203,64.40904998779297,24.11600685119629,28.789905548095703,0.06221787160507975,0.9377821283949204,0.009249450000081417,0.9907505499999186,0.0006190039025342492,0.9993809960974658,1,1,1
25014298B2,1,76.56541442871094,79.54981994628906,3.896747589111328,3.4884071350097656,0.04813537283201121,0.9518646271679888,0.6006898841975312,0.3993101158024688,0.07069480832350473,0.9293051916764952,1,0,1
25015215B2,1,74.5923843383789,76.7244873046875,48.95280456542969,55.10942459106445,0.10601551526559543,0.8939844847344046,0.0021149223363127524,0.9978850776636872,0.0002512730197631147,0.999748726980237,1,1,1
25015471B,1,59.6036376953125,59.7166633605957,-6.051529884338379,-6.753554344177246,0.471773626142453,0.528226373857547,0.6686364680464759,0.3313635319535241,0.6431358274747595,0.3568641725252406,1,0,0
25015496B,1,61.6740608215332,64.9692153930664,48.07479476928711,54.354530334472656,0.035737790545347245,0.9642622094546528,0.0018703911335053226,0.9981296088664948,6.944610420939273e-05,0.9999305538957906,1,1,1
25015594B2,1,56.51653289794922,57.492401123046875,30.099058151245117,32.58522415161133,0.27371238696604977,0.7262876130339502,0.07683370321056512,0.923166296789435,0.030412161242322214,0.9695878387576778,1,1,1
25015784B2,1,71.20027160644531,77.2130355834961,23.211355209350586,28.94834327697754,0.00244133977622042,0.9975586602237796,0.0032141017759565135,0.9967858982240436,7.891249100428094e-06,0.9999921087508995,1,1,1
25015798B2,1,68.86581420898438,73.30974578857422,32.83034133911133,36.25577163696289,0.011613201805821724,0.9883867981941783,0.03151008861963264,0.9684899113803673,0.00038212922963424113,0.9996178707703658,1,1,1
25017592B3,1,64.16307067871094,65.77867889404297,35.92731857299805,38.84139633178711,0.16581144186514252,0.8341885581348575,0.05146202058984748,0.9485379794101524,0.010669087314744568,0.9893309126852555,1,1,1
25019294B1,1,58.20859146118164,61.05044174194336,20.27887725830078,24.62421226501465,0.05510411866000509,0.9448958813399949,0.012801168588010543,0.9871988314119895,0.0007556475466549916,0.999244352453345,1,1,1
25019474B2,1,73.7296371459961,76.91902923583984,17.30918312072754,20.831382751464844,0.0395668744845939,0.9604331255154062,0.028687141416853905,0.971312858583146,0.00121524495689698,0.998784755043103,1,1,1
25019503B,1,42.04933166503906,44.80237579345703,-6.584127426147461,-2.1574316024780273,0.059914959285650035,0.94008504071435,0.01181271409087492,0.9881872859091251,0.0007612852147466344,0.9992387147852533,1,1,1
25019629B2,1,72.66380310058594,74.29132843017578,37.34853744506836,40.94988250732422,0.16416964834129494,0.835830351658705,0.026562192626795145,0.973437807373205,0.005331024410528294,0.9946689755894718,1,1,1
25021421B2,1,30.591161727905273,33.805992126464844,-0.6589851379394531,3.751042366027832,0.038611427078249244,0.9613885729217507,0.01200887798019418,0.9879911220198059,0.00048792688224124774,0.9995120731177588,1,1,1
25021555B2,1,79.78563690185547,82.39722442626953,39.49287033081055,43.7586555480957,0.06839638000797066,0.9316036199920295,0.013846422326364306,0.9861535776736357,0.0010297793931649,0.9989702206068352,1,1,1
25021665B3,1,32.893096923828125,36.156715393066406,5.633419036865234,7.1030988693237305,0.036840598416223516,0.9631594015837766,0.18699128273460008,0.8130087172653999,0.008720678957659083,0.991279321042341,1,1,1
25021890B4,1,63.60730743408203,65.17623901367188,42.662391662597656,47.03551483154297,0.17236875685584135,0.8276312431441587,0.012454714002878921,0.9875452859971211,0.002619745948784789,0.9973802540512152,1,1,1
25022344B2,1,29.283266067504883,33.45359420776367,34.47407150268555,39.052215576171875,0.015212204625136831,0.9847877953748632,0.010169465757455204,0.9898305342425447,0.00015867811973469453,0.9998413218802653,1,1,1
25024433B2,1,75.52793884277344,78.03086853027344,13.324845314025879,14.95919132232666,0.07565305307724958,0.9243469469227504,0.1632358711427547,0.8367641288572453,0.015715373143144175,0.9842846268568557,1,1,1
25024765B2,1,22.028865814208984,24.580352783203125,9.865795135498047,13.588125228881836,0.07232665295241221,0.9276733470475877,0.02360681094000025,0.9763931890599997,0.0018814694006932357,0.9981185305993067,1,1,1
25024875B2,1,19.81218719482422,24.39291000366211,2.647216320037842,8.409852027893066,0.010143540845585249,0.9898564591544148,0.0031329707703706355,0.9968670292296294,3.220498538794427e-05,0.9999677950146121,1,1,1
25025616B,1,57.0418815612793,58.56238555908203,31.297277450561523,31.418973922729492,0.17938731515864415,0.8206126848413559,0.4696133749435606,0.5303866250564393,0.16216534831565615,0.8378346516843439,1,1,1
25025951B,1,37.848236083984375,37.03478240966797,-50.163543701171875,-57.69526672363281,0.6928449726613863,0.3071550273386136,0.9994644727022602,0.0005355272977396111,0.9997625169268683,0.00023748307313166522,0,0,0
25026103B2,1,34.42707443237305,35.368064880371094,-5.544013500213623,-3.749488353729248,0.2807003201259679,0.719299679874032,0.1425188228876778,0.8574811771123223,0.06090990630249907,0.9390900936975008,1,1,1
25026144B3,1,66.56576538085938,68.12965393066406,19.115276336669922,21.73883628845215,0.1730893733458786,0.8269106266541213,0.06763744783530479,0.9323625521646952,0.01495787346049544,0.9850421265395045,1,1,1
25026509B,1,63.8887939453125,64.95464324951172,25.767581939697266,27.904136657714844,0.25619323280390777,0.7438067671960923,0.10559433445396701,0.894405665546033,0.039075212109969046,0.9609247878900309,1,1,1
25026752B,1,6.2472920417785645,10.722223281860352,-21.192829132080078,-15.523849487304688,0.011262711732667496,0.9887372882673325,0.003439514031346946,0.9965604859686531,3.931318199344565e-05,0.9999606868180064,1,1,1
25026797B2,1,79.72327423095703,80.95584869384766,45.18954086303711,45.071998596191406,0.22573115217478368,0.7742688478252163,0.5293517803562446,0.47064821964375536,0.24693321306080118,0.7530667869391988,1,0,1
25027181B5,1,59.842369079589844,61.30538558959961,23.83603286743164,28.731595993041992,0.18800639138138875,0.8119936086186111,0.0074241655279189715,0.9925758344720811,0.001728840631420224,0.9982711593685798,1,1,1
25002510B2,1,61.71824264526367,61.635189056396484,18.441650390625,22.472654342651367,0.5207514701264915,0.47924852987350847,0.01744670206723908,0.982553297932761,0.01892909384418809,0.9810709061558119,0,1,1
25027606B3,1,30.460403442382812,33.71118927001953,9.63022232055664,12.620100975036621,0.03729865999976006,0.96270134000024,0.04788522195896098,0.952114778041039,0.00194476895481809,0.9980552310451819,1,1,1
25028014B5,1,37.657684326171875,40.299285888671875,6.822288513183594,7.8726959228515625,0.06650853327024309,0.9334914667297568,0.2591468746536475,0.7408531253463524,0.024315886630245854,0.975684113369754,1,1,1
25029560B2,1,54.60609436035156,56.79076385498047,30.55791664123535,35.73029708862305,0.10113564577669515,0.8988643542233049,0.005639073609492811,0.9943609263905072,0.0006376723844836173,0.9993623276155165,1,1,1
25029906B2,1,25.89435577392578,29.309043884277344,-10.091065406799316,-7.530721187591553,0.03183956509265294,0.9681604349073472,0.07173461775348255,0.9282653822465176,0.002534978685890965,0.9974650213141091,1,1,1
25031271B2,1,73.2248306274414,75.93396759033203,19.997711181640625,22.277999877929688,0.06243635281930349,0.9375636471806965,0.09276865282151017,0.9072313471784899,0.006763517708907203,0.9932364822910928,1,1,1
25032146B2,1,45.381561279296875,49.4730224609375,44.12984085083008,48.67353057861328,0.01644000115304183,0.9835599988469581,0.010522203024672192,0.9894777969753279,0.00017771445975823906,0.9998222855402417,1,1,1
25033211B,1,66.69237518310547,67.3459243774414,28.354345321655273,32.7351188659668,0.34219018078323965,0.6578098192167604,0.01236096761345524,0.9876390323865446,0.006468528975306305,0.9935314710246937,1,1,1
25033482B2,1,74.97938537597656,77.3793716430664,45.74180221557617,49.587730407714844,0.08317374370296779,0.9168262562970323,0.020919580605256675,0.9790804193947432,0.001934614624231367,0.9980653853757687,1,1,1
25034245B2,1,160.47056579589844,161.93984985351562,93.1227035522461,93.51666259765625,0.18705145807351664,0.8129485419264832,0.4027646055196433,0.5972353944803566,0.13432460236369767,0.8656753976363023,1,1,1
25034940B8,1,40.67299270629883,43.23646545410156,19.942235946655273,23.50055694580078,0.07152657182435798,0.9284734281756419,0.027697602725379484,0.9723023972746206,0.0021897065015079424,0.9978102934984922,1,1,1
25035354B2,1,90.96092224121094,91.90217590332031,34.1862907409668,36.96389389038086,0.2806471782509987,0.7193528217490013,0.058546527443749136,0.9414534725562509,0.023687001058203535,0.9763129989417965,1,1,1
25036333B3,1,30.530895233154297,36.46717071533203,34.71882247924805,42.0879020690918,0.002634889984181257,0.9973651100158186,0.0006300509685581764,0.9993699490314417,1.6655537239562065e-06,0.9999983344462761,1,1,1
25041763B,1,59.82353973388672,63.53284454345703,27.97235107421875,30.29363441467285,0.02390890789019391,0.9760910921098062,0.08937555632161723,0.9106244436783828,0.0023983184292576194,0.9976016815707424,1,1,1
25043126B2,1,38.14883804321289,40.73931884765625,-27.291189193725586,-26.766963958740234,0.06975357797542367,0.9302464220245763,0.37186476439844285,0.6281352356015572,0.0425047046781035,0.9574952953218966,1,1,1
25045403B-1,1,18.2762508392334,18.965045928955078,-16.523616790771484,-13.80615234375,0.33430116511841645,0.6656988348815835,0.0619506507083043,0.9380493492916956,0.03210041040932325,0.9678995895906767,1,1,1
25045450B5,1,41.89502716064453,41.722869873046875,15.238763809204102,18.792652130126953,0.5429333355878293,0.4570666644121707,0.027817226970007682,0.9721827730299923,0.03287125871414555,0.9671287412858545,0,1,1
25045839B,1,54.495277404785156,59.42534255981445,25.41977310180664,29.042251586914062,0.007174191512980286,0.9928258084870198,0.026021186364703082,0.973978813635297,0.00019301762596256864,0.9998069823740375,1,1,1
25047066B,1,48.5496826171875,49.678131103515625,27.335262298583984,34.42625045776367,0.2444475408987655,0.7555524591012345,0.0008318816398778777,0.9991681183601221,0.00026929423223219636,0.9997307057677679,1,1,1
25047077B2,1,63.509620666503906,64.28963470458984,27.239723205566406,30.193681716918945,0.31431686054070695,0.685683139459293,0.049549754378773354,0.9504502456212266,0.023339984463516112,0.9766600155364838,1,1,1
25047401B2,1,50.53624725341797,53.861576080322266,33.785301208496094,37.10717010498047,0.03471240969364562,0.9652875903063542,0.03482852998982726,0.9651714700101727,0.0012959667395399312,0.99870403326046,1,1,1
25047972B2,1,76.31961822509766,81.18055725097656,19.0606689453125,23.460208892822266,0.007683712804955038,0.9923162871950449,0.012133948265099469,0.9878660517349006,9.510107693011875e-05,0.9999048989230698,1,1,1
25048633B2,1,87.21146392822266,89.25038146972656,42.52669906616211,45.94357681274414,0.11517700081025689,0.8848229991897432,0.031772136936016604,0.9682278630639835,0.004253310451062234,0.9957466895489379,1,1,1
25049966B2,1,48.143775939941406,49.743568420410156,13.888669967651367,17.65283203125,0.16801062058106153,0.8319893794189384,0.022661578578218693,0.9773384214217814,0.004660539475037961,0.9953394605249621,1,1,1
25050888B3,1,35.93317794799805,37.136566162109375,-6.436832427978516,-4.703369140625,0.23087302051258587,0.769126979487414,0.1501451231995431,0.8498548768004569,0.050361638220744805,0.9496383617792551,1,1,1
25053425B2,1,57.81233215332031,59.92020797729492,19.529409408569336,24.277938842773438,0.10833368620597934,0.8916663137940207,0.008590000017725242,0.9914099999822749,0.0010515822953958934,0.9989484177046041,1,1,1
25057856B2,1,76.39794158935547,78.44031524658203,30.122926712036133,31.232587814331055,0.11482525187837517,0.8851747481216249,0.24793407496679862,0.7520659250332012,0.041011027802305686,0.9589889721976944,1,1,1
25061727B2,1,31.690166473388672,36.392555236816406,17.647850036621094,24.133459091186523,0.008991987082167389,0.9910080129178326,0.0015229087460260572,0.998477091253974,1.383908718868342e-05,0.9999861609128113,1,1,1
25063676B,1,32.62004089355469,35.460601806640625,26.69338607788086,29.45887565612793,0.055171291534378324,0.9448287084656216,0.05921779477867766,0.9407822052213224,0.0036620901669228083,0.9963379098330772,1,1,1
25063676B2,1,62.641754150390625,64.86774444580078,12.509017944335938,14.247369766235352,0.09744070977657784,0.9025592902234222,0.14952240480154555,0.8504775951984543,0.018627004762819664,0.9813729952371804,1,1,1
